PP4502N,,,,,CB 386NE,,,,,CB 143NJ,,,,,CB 598NJ,,,,,CB 529NR,,,,
 ,,,,, ,,,,, ,,,,, ,,,,, ,,,,
2023-02-16 21:27:34,,"Aleja Armii Krajowej 250, 86-031 Bydgoszcz, Poland",Bydgoszcz,,2023-02-01 04:01:30,,"Żwirki i Wigury 80, 87-100 Toruń, Poland",Toruń,,2023-02-01 07:31:30,,"Leszno 4, 06-300 Przasnysz, Poland",Przasnysz,,2023-02-01 07:38:07,,"Nowa Obra 75a, 63-720, Poland",Nowa Obra,,2023-02-01 07:15:04,,"Czołgistów, 43-309 Bielsko-Biała, Poland",Bielsko-Biała,
2023-02-16 21:37:49,00:10:15,"Aleja Armii Krajowej 250, 86-031 Bydgoszcz, Poland",Bydgoszcz,,2023-02-01 04:09:56,00:08:26,"Szosa Lubicka 55, 87-100 Toruń, Poland",Toruń,,2023-02-01 08:15:18,00:43:48,"Smrock-Dwór 1, 06-220, Poland",Smrock-Dwór,,2023-02-01 07:46:55,00:08:48,"Poznańska 1, 63-720 Koźmin Wielkopolski, Poland",Koźmin Wielkopolski,,2023-02-01 07:38:52,00:23:48,"Skośna 25-13, 43-360 Bystra, Poland",Bystra,
 ,,,,, ,,,,, ,,,,, ,,,,, ,,,,
2023-02-17 20:03:59,00:31:23,"Aleja Armii Krajowej 250, 86-031 Bydgoszcz, Poland",Bydgoszcz,,2023-02-01 04:12:20,,"Szosa Lubicka 55, 87-100 Toruń, Poland",Toruń,,2023-02-01 10:04:45,,"Smrock-Dwór 1, 06-220, Poland",Smrock-Dwór,,2023-02-01 07:49:51,,"Poznańska 1, 63-720 Koźmin Wielkopolski, Poland",Koźmin Wielkopolski,,2023-02-01 10:35:43,,"Skośna 25-13, 43-360 Bystra, Poland",Bystra,
2023-02-17 20:35:22,,"Bydgoska, 86-061, Poland",,,2023-02-01 06:42:04,02:29:44,"A1, Poland",,,2023-02-01 11:52:50,01:48:05,"Polna 2, 05-555 Tarczyn, Poland",Tarczyn,,2023-02-01 08:00:47,,"Przemysłowa 1a, 63-720 Koźmin Wielkopolski, Poland",Koźmin Wielkopolski,,2023-02-01 13:19:12,,"Krasne-Lasocice 92, 34-620, Poland",Krasne-Lasocice,
 ,00:26:29,,,, ,,,,, ,,,,, ,00:10:56,,,, ,02:43:29,,,
2023-02-17 20:45:00,,"Bydgoska, 86-061, Poland",,,2023-02-01 06:51:25,,"A1, Poland",,,2023-02-01 14:28:20,,"Aleja Krakowska 7, 05-555 Tarczyn, Poland",Tarczyn,,2023-02-01 13:22:58,,"Przemysłowa 1a, 63-720 Koźmin Wielkopolski, Poland",Koźmin Wielkopolski,,2023-02-01 15:24:19,,"Krasne-Lasocice 92, 34-620, Poland",Krasne-Lasocice,
2023-02-17 21:11:29,00:06:06,"Ziołowa 2, 86-031 Osielsko, Poland",Osielsko,,2023-02-01 08:14:35,01:23:10,"Poligonowa 25, 44-251 Rybnik, Poland",Rybnik,,2023-02-01 14:57:26,00:29:06,"Pułku IV Ułanów 1, 05-500 Gołków, Poland",Gołków,,2023-02-01 14:47:43,,"S5, 62-010, Poland",,,2023-02-01 16:27:59,,"Bilczyce 184, 32-420, Poland",Bilczyce,
 ,,,,, ,,,,, ,,,,, ,01:24:45,,,, ,01:03:40,,,
2023-02-20 08:27:48,00:07:46,"Aleja Armii Krajowej 250, 86-031 Bydgoszcz, Poland",Bydgoszcz,,2023-02-01 18:37:47,,"Włościańska 21, 44-251 Rybnik, Poland",Rybnik,,2023-02-01 15:15:03,,"Pułku IV Ułanów 1, 05-500 Gołków, Poland",Gołków,,2023-02-01 14:50:59,,"S5, 62-010, Poland",,,2023-02-01 16:35:37,,"Bilczyce 184, 32-420, Poland",Bilczyce,
2023-02-20 08:33:54,,"Kolonijna 11, 86-031 Osielsko, Poland",Osielsko,,2023-02-01 20:56:11,02:18:24,"Ignacego Krasickiego 1, 48-300 Nysa, Poland",Nysa,,2023-02-01 15:29:51,,"Jana Kilińskiego 1, 05-500 Piaseczno, Poland",Piaseczno,,2023-02-01 15:53:18,,"Kossaka 15, 85-307 Bydgoszcz, Poland",Bydgoszcz,,2023-02-01 21:28:57,,"Księcia Jeremiego Wiśniowieckiego ""Jaremy"" 21, 93-645 Łódź, Poland",Łódź,
 ,00:12:20,,,, ,,,,, ,00:14:48,,,, ,01:02:19,,,, ,04:53:20,,,
2023-02-20 08:37:09,,"Kolonijna 11, 86-031 Osielsko, Poland",Osielsko,,2023-02-02 07:56:57,,"Ignacego Krasickiego 1, 48-300 Nysa, Poland",Nysa,,2023-02-01 15:55:44,,"Jana Kilińskiego 1, 05-500 Piaseczno, Poland",Piaseczno,,2023-02-02 07:43:05,,"Stanisława Leszczyńskiego 65, 85-137 Bydgoszcz, Poland",Bydgoszcz,,2023-02-01 21:50:19,,"Księcia Jeremiego Wiśniowieckiego ""Jaremy"" 21, 93-645 Łódź, Poland",Łódź,
2023-02-20 08:44:55,,"Aleja Armii Krajowej 250, 86-031 Bydgoszcz, Poland",Bydgoszcz,,2023-02-02 08:02:21,00:05:24,"Tadeusza Kościuszki 4, 48-300 Nysa, Poland",Nysa,,2023-02-01 16:06:21,,"Ignacego Jana Paderewskiego, 05-501 Piaseczno, Poland",Piaseczno,,2023-02-02 08:20:27,,"1 Stycznia 35c, 88-400 Żnin, Poland",Żnin,,2023-02-02 00:21:32,,"Mazowiecka 14-18, 85-084 Bydgoszcz, Poland",Bydgoszcz,
 ,00:08:42,,,, ,,,,, ,,,,, ,,,,, ,02:31:13,,,
2023-02-22 12:49:23,,"Bielska 250, 86-031 Bydgoszcz, Poland",Bydgoszcz,,2023-02-02 08:07:25,,"Tadeusza Kościuszki 4, 48-300 Nysa, Poland",Nysa,,2023-02-02 07:41:16,00:10:37,"Paderewskiego 8, 05-501 Piaseczno, Poland",Piaseczno,,2023-02-02 08:29:55,00:37:22,"1 Stycznia 35, 88-400 Żnin-Wieś, Poland",Żnin-Wieś,,2023-02-02 07:34:13,,"Mazowiecka 14-18, 85-084 Bydgoszcz, Poland",Bydgoszcz,
2023-02-22 13:01:43,,"Karola Szajnochy 14, 85-738 Bydgoszcz, Poland",Bydgoszcz,,2023-02-02 08:21:38,00:14:13,"Szlak Chrobrego 4, 48-300 Nysa, Poland",Nysa,,2023-02-02 08:36:21,,"DW580 193, 05-082 Babice Nowe, Poland",Babice Nowe,,2023-02-02 09:51:38,,"Pogodna 13, 62-050 Krosno, Poland",Krosno,,2023-02-02 07:40:27,,"Gdańska 140, 85-021 Bydgoszcz, Poland",Bydgoszcz,
 ,00:16:25,,,, ,,,,, ,,,,, ,,,,, ,00:06:14,,,
2023-02-23 07:35:00,,"Karola Szajnochy 14, 85-738 Bydgoszcz, Poland",Bydgoszcz,,2023-02-02 08:57:29,,"Szlak Chrobrego 4, 48-300 Nysa, Poland",Nysa,,2023-02-02 13:48:11,00:55:05,"Ogrodnicza 11, 05-082 Babice Nowe, Poland",Babice Nowe,,2023-02-02 11:05:57,01:21:43,"Pogodna 13, 62-050 Krosno, Poland",Krosno,,2023-02-02 07:43:15,,"Gdańska 140, 85-021 Bydgoszcz, Poland",Bydgoszcz,
2023-02-23 07:43:42,,"Karola Szajnochy 14, 85-738 Bydgoszcz, Poland",Bydgoszcz,,2023-02-02 09:02:49,,"Szlak Chrobrego 4, 48-300 Nysa, Poland",Nysa,,2023-02-02 14:25:29,,"Mszczonowska 15B, 96-325 Radziejowice-Parcel, Poland",Radziejowice-Parcel,,2023-02-02 11:16:32,,"Droga bez nazwy, 62-050 Mosina, Poland",Mosina,,2023-02-02 07:54:29,,"Fabryczna 23, 85-726 Bydgoszcz, Poland",Bydgoszcz,
 ,00:10:37,,,, ,00:05:20,,,, ,,,,, ,,,,, ,00:11:14,,,
2023-02-23 08:12:45,,"Karola Szajnochy 14, 85-738 Bydgoszcz, Poland",Bydgoszcz,,2023-02-02 14:22:18,,"Szlak Chrobrego 4, 48-300 Nysa, Poland",Nysa,,2023-02-02 14:35:30,00:37:18,"Mszczonowska 15B, 96-325 Radziejowice-Parcel, Poland",Radziejowice-Parcel,,2023-02-02 11:36:15,00:10:35,"Farbiarska 30, 62-050 Mosina, Poland",Mosina,,2023-02-03 07:53:00,,"Karola Szajnochy 14, 85-738 Bydgoszcz, Poland",Bydgoszcz,
2023-02-23 08:29:10,,"Przemysłowa, 85-758 Bydgoszcz, Poland",Bydgoszcz,,2023-02-02 16:45:09,,"Warszawska 26-36, 63-640, Poland",,,2023-02-02 15:15:43,,"Luboszewy 508, 97-217, Poland",Luboszewy,,2023-02-02 12:40:42,,"E261, 62-260, Poland",,,2023-02-03 08:15:09,,"Przemysłowa, 85-758 Bydgoszcz, Poland",Bydgoszcz,
 ,01:15:01,,,, ,02:22:51,,,, ,,,,, ,,,,, ,00:22:09,,,
2023-02-23 09:51:17,,"Przemysłowa, 85-758 Bydgoszcz, Poland",Bydgoszcz,,2023-02-02 16:58:25,,"Słoneczna 15, 63-600 Kępno, Poland",Kępno,,2023-02-02 16:33:13,00:40:13,"Luboszewy 508, 97-217, Poland",Luboszewy,,2023-02-02 12:42:51,,"E261, 62-260, Poland",,,2023-02-03 13:34:21,,"Przemysłowa 34, 85-758 Bydgoszcz, Poland",Bydgoszcz,
2023-02-23 10:01:54,00:17:01,"Karola Szajnochy 13, 85-738 Bydgoszcz, Poland",Bydgoszcz,,2023-02-02 17:04:17,,"Warszawska 26-36, 63-640, Poland",,,2023-02-02 17:34:15,,"Brzezińska 6, 95-010 Stryków, Poland",Stryków,,2023-02-02 13:56:38,01:04:27,"Karola Szajnochy 14, 85-738 Bydgoszcz, Poland",Bydgoszcz,,2023-02-03 13:48:08,,"Karola Szajnochy 14, 85-738 Bydgoszcz, Poland",Bydgoszcz,
 ,,,,, ,00:05:52,,,, ,,,,, ,,,,, ,00:13:47,,,
2023-02-23 10:09:47,01:33:41,"Karola Szajnochy 13, 85-738 Bydgoszcz, Poland",Bydgoszcz,,2023-02-03 07:54:06,,"Warszawska 26-36, 63-640, Poland",,,2023-02-02 17:36:48,01:01:02,"Brzezińska 6, 95-010 Stryków, Poland",Stryków,,2023-02-02 15:40:41,,"Karola Szajnochy 14, 85-738 Bydgoszcz, Poland",Bydgoszcz,,2023-02-05 17:46:16,,"Karola Szajnochy 14, 85-738 Bydgoszcz, Poland",Bydgoszcz,
2023-02-23 11:24:48,,"3 Maja 5, 89-340 Białośliwie, Poland",Białośliwie,,2023-02-03 08:12:44,,"Perzów 46, 63-642, Poland",Perzów,,2023-02-02 17:53:53,,"DW702 2-28, 95-001, Poland",,,2023-02-02 16:03:26,,"Stanisława Leszczyńskiego 61, 85-137 Bydgoszcz, Poland",Bydgoszcz,,2023-02-05 18:03:47,,"Fabryczna 23, 85-726 Bydgoszcz, Poland",Bydgoszcz,
 ,00:25:52,,,, ,00:18:38,,,, ,,,,, ,01:13:47,,,, ,00:17:31,,,
2023-02-23 14:09:52,,"3 Maja 5-1, 89-340 Białośliwie, Poland",Białośliwie,,2023-02-03 15:35:49,,"Perzów 48, 63-642, Poland",Perzów,,2023-02-02 18:00:18,00:17:05,"DW702 2-28, 95-001, Poland",,,2023-02-06 03:34:02,,"Stanisława Leszczyńskiego 61, 85-137 Bydgoszcz, Poland",Bydgoszcz,,2023-02-05 18:12:20,,"Fabryczna 16, 85-741 Bydgoszcz, Poland",Bydgoszcz,
2023-02-23 14:26:53,,"4 Stycznia 25, 89-340 Białośliwie, Poland",Białośliwie,,2023-02-03 16:03:00,,"Aleja Wojska Polskiego 62, 63-500 Ostrzeszów, Poland",Ostrzeszów,,2023-02-02 19:35:35,,"Józefa Ignacego Kraszewskiego 30B, 87-100 Toruń, Poland",Toruń,,2023-02-06 04:29:44,,"DK10, 89-100 Nakło nad Notecią, Poland",Nakło nad Notecią,,2023-02-05 18:28:33,,"Mazowiecka 21, 85-084 Bydgoszcz, Poland",Bydgoszcz,
 ,01:51:02,,,, ,00:27:11,,,, ,,,,, ,,,,, ,00:16:13,,,
2023-02-23 14:30:55,,"4 Stycznia 25, 89-340 Białośliwie, Poland",Białośliwie,,2023-02-03 16:11:41,,"Aleja Wojska Polskiego 62, 63-500 Ostrzeszów, Poland",Ostrzeszów,,2023-02-03 06:53:02,,"Piaskowa 1, 87-100 Toruń, Poland",Toruń,,2023-02-06 04:37:11,00:22:45,"DK10, 89-100 Nakło nad Notecią, Poland",Nakło nad Notecią,,2023-02-06 02:27:58,,"Mazowiecka 21, 85-084 Bydgoszcz, Poland",Bydgoszcz,
2023-02-23 16:04:36,00:10:07,"Karola Szajnochy 14, 85-738 Bydgoszcz, Poland",Bydgoszcz,,2023-02-03 18:50:56,,"Osiedle Porzeczkowe 9, 88-400 Żnin-Wieś, Poland",Żnin-Wieś,,2023-02-03 07:34:27,01:35:17,"Karola Szajnochy 14, 85-738 Bydgoszcz, Poland",Bydgoszcz,,2023-02-06 08:05:33,,"Daniela 17-1, 72-003 Dołuje, Poland",Dołuje,,2023-02-06 04:25:24,,"Wróblewo 74, 62-025 Kostrzyn, Poland",Kostrzyn,
 ,,,,, ,02:39:15,,,, ,,,,, ,,,,, ,01:57:26,,,
2023-02-24 08:31:03,02:06:16,"Karola Szajnochy 14-18, 85-738 Bydgoszcz, Poland",Bydgoszcz,,2023-02-03 18:56:56,,"Osiedle Porzeczkowe 9, 88-400 Żnin-Wieś, Poland",Żnin-Wieś,,2023-02-06 13:50:44,,"Karola Szajnochy 13, 85-738 Bydgoszcz, Poland",Bydgoszcz,,2023-02-06 19:14:08,00:55:42,"Lubieszyn 8A, 72-002, Poland",Lubieszyn,,2023-02-06 04:30:44,,"Wróblewo 74, 62-025 Kostrzyn, Poland",Kostrzyn,
2023-02-24 08:56:55,,"Piekarska 4A, 87-134 Zławieś Mała, Poland",Zławieś Mała,,2023-02-03 19:32:16,,"Stanisława Leszczyńskiego 61, 85-137 Bydgoszcz, Poland",Bydgoszcz,,2023-02-06 14:00:22,00:41:25,"Karola Szajnochy 14, 85-738 Bydgoszcz, Poland",Bydgoszcz,,2023-02-06 19:26:19,,"Waleriana Łukasińskiego, 71-215 Szczecin, Poland",Szczecin,,2023-02-06 05:48:16,,"E261, 64-130, Poland",,
 ,02:09:45,,,, ,00:35:20,,,, ,,,,, ,,,,, ,01:17:32,,,
2023-02-24 10:35:39,,"Piekarska 4A, 87-134 Zławieś Mała, Poland",Zławieś Mała,,2023-02-03 19:41:51,,"Stanisława Leszczyńskiego 61, 85-137 Bydgoszcz, Poland",Bydgoszcz,,2023-02-06 14:17:24,,"Karola Szajnochy 14, 85-738 Bydgoszcz, Poland",Bydgoszcz,,2023-02-06 19:32:43,03:28:22,"Waleriana Łukasińskiego 114, 71-317 Szczecin, Poland",Szczecin,,2023-02-06 05:53:37,,"E261, 64-130, Poland",,
2023-02-24 12:26:41,00:35:05,"Mleczarska 6, 87-500 Rypin, Poland",Rypin,,2023-02-03 19:56:25,,"Karola Szajnochy 14-18, 85-738 Bydgoszcz, Poland",Bydgoszcz,,2023-02-06 14:57:30,00:09:38,"Broniewskiego 65, 87-100 Toruń, Poland",Toruń,,2023-02-06 19:55:43,,"Ludowa, 71-700 Szczecin, Poland",Szczecin,,2023-02-06 07:51:00,,"Produkcyjna, 55-020, Poland",,
 ,,,,, ,00:14:34,,,, ,,,,, ,,,,, ,,,,
2023-02-24 13:04:34,,"Starorypin Prywatny 49, 87-500 Rypin, Poland",Rypin,,2023-02-07 07:48:19,,"Karola Szajnochy 14, 85-738 Bydgoszcz, Poland",Bydgoszcz,,2023-02-06 15:29:55,,"Mikołaja Reja 15, 87-100 Toruń, Poland",Toruń,,2023-02-07 07:32:30,00:12:11,"Ludowa, 71-700 Szczecin, Poland",Szczecin,,2023-02-06 12:53:15,01:57:23,"Produkcyjna, 55-020, Poland",,
2023-02-24 13:14:41,00:12:34,"Toruńska 4, 87-500 Rypin, Poland",Rypin,,2023-02-07 07:53:45,,"Karola Szajnochy 14-18, 85-738 Bydgoszcz, Poland",Bydgoszcz,,2023-02-06 15:38:44,00:40:06,"Jana Kilińskiego 8, 87-100 Toruń, Poland",Toruń,,2023-02-07 08:13:22,,"Szczecińska 19-24, 72-003 Dobra, Poland",Dobra,,2023-02-06 13:43:44,,"Pocztowa 12/14, 55-100, Poland",,
 ,,,,, ,,,,, ,,,,, ,,,,, ,,,,
2023-02-24 13:19:33,,"Toruńska 4, 87-500 Rypin, Poland",Rypin,,2023-02-07 08:03:17,00:05:26,"Karola Szajnochy 14, 85-738 Bydgoszcz, Poland",Bydgoszcz,,2023-02-07 05:18:17,,"Jana Dekerta 5, 87-100 Toruń, Poland",Toruń,,2023-02-07 08:18:17,00:23:00,"Szczecińska 19-24, 72-003 Dobra, Poland",Dobra,,2023-02-06 14:21:37,00:50:29,"Miejsce Obsługi Podróżnych, 55-114, Poland",,
2023-02-24 15:25:49,00:50:45,"Wałowa 4, 83-032 Pszczółki, Poland",Pszczółki,,2023-02-07 08:31:01,,"Poziomkowa 60A, 87-134 Zławieś Wielka, Poland",Zławieś Wielka,,2023-02-07 06:12:55,00:08:49,"DK25, 86-010, Poland",,,2023-02-07 08:29:56,,"Lubieszyn 8A, 72-002, Poland",Lubieszyn,,2023-02-06 16:22:46,,"E261, Poland",,
 ,,,,, ,,,,, ,,,,, ,,,,, ,,,,
2023-02-24 16:43:26,00:07:51,"Gdańska 27, 83-032 Pszczółki, Poland",Pszczółki,,2023-02-07 08:56:55,,"Poziomkowa 60A, 87-134 Zławieś Wielka, Poland",Zławieś Wielka,,2023-02-07 06:21:33,,"Stopka 7, 86-010, Poland",Stopka,,2023-02-07 20:01:53,00:40:52,"Lubieszyn 8A, 72-002, Poland",Lubieszyn,,2023-02-06 16:25:53,02:01:09,"E261, Poland",,
2023-02-24 18:53:11,,"Fabryczna 1, 85-741 Bydgoszcz, Poland",Bydgoszcz,,2023-02-07 09:09:08,00:27:44,"Poziomkowa 60A, 87-134 Zławieś Wielka, Poland",Zławieś Wielka,,2023-02-07 07:41:42,00:54:38,"Szczecinecka 1, 77-330 Czarne, Poland",Czarne,,2023-02-07 20:35:30,,"Ludowa 23, 71-700 Szczecin, Poland",Szczecin,,2023-02-06 17:26:03,,"Dekarzy 2, 85-803 Bydgoszcz, Poland",Bydgoszcz,
 ,00:08:37,,,, ,,,,, ,,,,, ,,,,, ,,,,
2023-02-27 08:45:45,,"Karola Szajnochy 14, 85-738 Bydgoszcz, Poland",Bydgoszcz,,2023-02-07 14:19:26,,"Poziomkowa 60A, 87-134 Zławieś Wielka, Poland",Zławieś Wielka,,2023-02-07 07:50:51,,"Szczecinecka 1, 77-330 Czarne, Poland",Czarne,,2023-02-08 07:41:54,00:11:39,"Franciszka Ksawerego Druckiego-Lubeckiego 1-14, 71-643 Szczecin, Poland",Szczecin,,2023-02-06 17:31:44,01:00:10,"Dekarzy 2, 85-803 Bydgoszcz, Poland",Bydgoszcz,
2023-02-27 09:20:50,,"Karola Szajnochy 14, 85-738 Bydgoszcz, Poland",Bydgoszcz,,2023-02-07 14:43:43,00:12:13,"Fabryczna 13-3, 85-741 Bydgoszcz, Poland",Bydgoszcz,,2023-02-07 08:55:14,01:20:09,"DW163, 78-320, Poland",,,2023-02-08 08:23:31,,"Lubieszyn 23A, 72-002, Poland",Lubieszyn,,2023-02-06 17:53:01,,"Henryka Sienkiewicza 33A, 85-037 Bydgoszcz, Poland",Bydgoszcz,
 ,,,,, ,,,,, ,,,,, ,,,,, ,,,,
2023-02-27 10:41:44,,"Karola Szajnochy 14, 85-738 Bydgoszcz, Poland",Bydgoszcz,,2023-02-07 15:42:49,,"Karola Szajnochy 14, 85-738 Bydgoszcz, Poland",Bydgoszcz,,2023-02-07 09:03:48,,"DW163, 78-320, Poland",,,2023-02-08 19:57:27,00:33:37,"Lubieszyn 8A, 72-002, Poland",Lubieszyn,,2023-02-07 06:59:30,00:21:17,"Henryka Sienkiewicza 33A, 85-037 Bydgoszcz, Poland",Bydgoszcz,
2023-02-27 10:54:18,,"Bielska 250A, 86-031 Bydgoszcz, Poland",Bydgoszcz,,2023-02-07 16:21:47,00:24:17,"Szosa Bydgoska 64, 88-180 Złotniki Kujawskie, Poland",Złotniki Kujawskie,,2023-02-07 10:13:56,,"DW163, 78-320, Poland",,,2023-02-08 20:30:22,,"Ludowa 23, 71-700 Szczecin, Poland",Szczecin,,2023-02-07 07:16:16,,"Karola Szajnochy 14, 85-738 Bydgoszcz, Poland",Bydgoszcz,
 ,,,,, ,,,,, ,01:04:23,,,, ,,,,, ,,,,
2023-02-27 15:27:20,,"Aleja Armii Krajowej 250, 86-031 Bydgoszcz, Poland",Bydgoszcz,,2023-02-08 04:06:39,,"Średnia 5, 88-180 Złotniki Kujawskie, Poland",Złotniki Kujawskie,,2023-02-07 10:50:54,,"DW163, 78-320, Poland",,,2023-02-09 08:01:00,00:41:37,"Franciszka Ksawerego Druckiego-Lubeckiego 1-14, 71-643 Szczecin, Poland",Szczecin,,2023-02-07 11:52:16,00:16:46,"Fabryczna 21, 85-741 Bydgoszcz, Poland",Bydgoszcz,
2023-02-27 16:18:05,,"Aleja Armii Krajowej 250, 86-031 Bydgoszcz, Poland",Bydgoszcz,,2023-02-08 06:00:21,00:38:58,"Kamieńca Podolskiego 10, 93-645 Łódź, Poland",Łódź,,2023-02-07 11:10:02,,"Toporzyk 21, 78-320, Poland",Toporzyk,,2023-02-09 08:35:57,,"Lubieszyn 23, 72-002, Poland",Lubieszyn,,2023-02-07 13:25:54,,"Szewo 51b, 87-840, Poland",Szewo,
 ,,,,, ,,,,, ,,,,, ,,,,, ,,,,
2023-02-27 17:09:30,,"Aleja Armii Krajowej 250, 86-031 Bydgoszcz, Poland",Bydgoszcz,,2023-02-08 06:11:53,,"Kamieńca Podolskiego 10, 93-645 Łódź, Poland",Łódź,,2023-02-07 11:14:53,01:10:08,"Toporzyk 21, 78-320, Poland",Toporzyk,,2023-02-09 09:35:02,00:32:55,"Lubieszyn 8A, 72-002, Poland",Lubieszyn,,2023-02-07 13:29:55,01:33:38,"Szewo 51b, 87-840, Poland",Szewo,
2023-02-27 17:17:21,,"Jastrzębia 9, 86-021 Żołędowo, Poland",Żołędowo,,2023-02-08 08:15:19,01:53:42,"Sławków, 42-530 Dąbrowa Górnicza, Poland",Dąbrowa Górnicza,,2023-02-07 11:39:35,,"Mariacka 5-1, 78-320 Połczyn-Zdrój, Poland",Połczyn-Zdrój,,2023-02-09 09:58:46,,"Mieszka I 80, 71-011 Szczecin, Poland",Szczecin,,2023-02-07 15:28:47,,"A1, Poland",,
 ,,,,, ,,,,, ,,,,, ,,,,, ,,,,
2023-02-27 17:21:42,,"Jastrzębia 9, 86-021 Żołędowo, Poland",Żołędowo,,2023-02-08 08:21:10,,"Sławków, 42-530 Dąbrowa Górnicza, Poland",Dąbrowa Górnicza,,2023-02-07 11:51:45,00:19:08,"Mariacka 5-1, 78-320 Połczyn-Zdrój, Poland",Połczyn-Zdrój,,2023-02-09 10:13:30,00:34:57,"Mieszka I 80, 71-011 Szczecin, Poland",Szczecin,,2023-02-07 15:31:57,01:58:52,"A1, Poland",,
2023-02-27 17:30:19,,"Aleja Armii Krajowej 250, 86-031 Bydgoszcz, Poland",Bydgoszcz,,2023-02-08 08:34:05,02:03:26,"Wyzwolenia 2B, 32-329 Bolesław, Poland",Bolesław,,2023-02-07 12:03:05,,"Przyrowo 13, 78-320, Poland",Przyrowo,,2023-02-09 10:36:48,,"Lubieszyn 8A, 72-002, Poland",Lubieszyn,,2023-02-07 16:22:27,,"Strzelców Bytomskich 87c, 41-902 Bytom, Poland",Bytom,
,,,,, ,,,,, ,,,,, ,,,,, ,,,,
,,,,,2023-02-08 13:33:02,,"Wyzwolenia 2B, 32-329 Bolesław, Poland",Bolesław,,2023-02-07 12:23:25,,"Przyrowo 13, 78-320, Poland",Przyrowo,,2023-02-09 18:16:37,00:23:44,"Lubieszyn 8A, 72-002, Poland",Lubieszyn,,2023-02-08 07:22:35,,"Strzelców Bytomskich 87c, 41-902 Bytom, Poland",Bytom,
,,,,,2023-02-08 14:41:47,00:12:55,"Szosa Olkuska 11, 32-340 Wolbrom, Poland",Wolbrom,,2023-02-07 12:33:32,00:24:42,"DW163, 78-320, Poland",,,2023-02-09 18:42:34,,"Ustowo 55A, 70-001, Poland",Ustowo,,2023-02-08 07:50:42,00:50:30,"Strzelców Bytomskich 131A, 41-933 Bytom, Poland",Bytom,
,,,,, ,,,,, ,,,,, ,,,,, ,,,,
,,,,,2023-02-08 14:50:45,,"Szosa Olkuska 11, 32-340 Wolbrom, Poland",Wolbrom,,2023-02-07 15:44:18,,"DW163, 78-320, Poland",,,2023-02-09 19:35:07,00:23:18,"Ustowo 55A, 70-001, Poland",Ustowo,,2023-02-08 10:19:59,,"Droga bez nazwy, 41-900 Bytom, Poland",Bytom,
,,,,,2023-02-08 16:32:58,01:08:45,"Ruda Zajączkowska 77, 26-070, Poland",Ruda Zajączkowska,,2023-02-07 16:18:48,00:11:20,"Toporzyk 21, 78-320, Poland",Toporzyk,,2023-02-09 19:57:57,,"Franciszka Ksawerego Druckiego-Lubeckiego 1-14, 71-643 Szczecin, Poland",Szczecin,,2023-02-08 10:36:05,00:28:07,"A1, 42-674 Zabrze, Poland",Zabrze,
,,,,, ,,,,, ,,,,, ,,,,, ,,,,
,,,,,2023-02-08 17:17:57,,"Ruda Zajączkowska 77, 26-070, Poland",Ruda Zajączkowska,,2023-02-07 16:21:03,,"Toporzyk 21, 78-320, Poland",Toporzyk,,2023-02-10 08:00:43,00:25:57,"Franciszka Ksawerego Druckiego-Lubeckiego 1-14, 71-643 Szczecin, Poland",Szczecin,,2023-02-08 10:43:34,,"A1, 42-674 Zabrze, Poland",Zabrze,
,,,,,2023-02-08 18:31:04,01:42:13,"Wschodnia 11, 97-330 Sulejów, Poland",Sulejów,,2023-02-07 18:23:33,,"Lubieszyn 8A, 72-002, Poland",Lubieszyn,,2023-02-10 08:37:47,,"Lubieszyn 8A, 72-002, Poland",Lubieszyn,,2023-02-08 11:46:31,00:16:06,"Towarowa, 43-520 Chybie, Poland",Chybie,
,,,,, ,,,,, ,00:10:07,,,, ,,,,, ,,,,
,,,,,2023-02-08 18:34:42,,"Wschodnia 11, 97-330 Sulejów, Poland",Sulejów,,2023-02-07 19:09:53,,"Lubieszyn 11B, 72-002, Poland",Lubieszyn,,2023-02-10 14:52:41,00:22:50,"Lubieszyn 8A, 72-002, Poland",Lubieszyn,,2023-02-08 13:02:54,,"Towarowa, 43-520 Chybie, Poland",Chybie,
,,,,,2023-02-08 19:15:47,01:13:07,"Giemzów 59, 95-006, Poland",Giemzów,,2023-02-07 20:45:24,,"Plac Gdański 3a, 78-500 Drawsko Pomorskie, Poland",Drawsko Pomorskie,,2023-02-10 16:45:16,,"DK10, 73-210, Poland",,,2023-02-08 13:08:10,,"Cieszyńska 6, 43-520 Mnich, Poland",Mnich,
,,,,, ,,,,, ,00:34:30,,,, ,,,,, ,01:02:57,,,
,,,,,2023-02-08 19:37:36,,"Giemzów 59, 95-006, Poland",Giemzów,,2023-02-07 20:55:31,,"Plac Gdański 3a, 78-500 Drawsko Pomorskie, Poland",Drawsko Pomorskie,,2023-02-10 17:16:35,00:37:04,"DK10, 73-210, Poland",,,2023-02-08 14:02:28,,"Cieszyńska 6, 43-520 Mnich, Poland",Mnich,
,,,,,2023-02-08 21:48:13,00:41:05,"Szosa Bydgoska 64, 88-180 Złotniki Kujawskie, Poland",Złotniki Kujawskie,,2023-02-07 21:36:55,,"Toporzyk 21, 78-320, Poland",Toporzyk,,2023-02-10 20:04:00,,"Karola Szajnochy 14, 85-738 Bydgoszcz, Poland",Bydgoszcz,,2023-02-08 16:56:12,,"Giemzów 59, 95-006, Poland",Giemzów,
,,,,, ,,,,, ,02:02:30,,,, ,,,,, ,,,,
,,,,,2023-02-09 06:47:04,,"Szosa Bydgoska 64, 88-180 Złotniki Kujawskie, Poland",Złotniki Kujawskie,,2023-02-08 07:31:01,,"Toporzyk 21, 78-320, Poland",Toporzyk,,2023-02-10 20:11:01,01:52:35,"Karola Szajnochy 14, 85-738 Bydgoszcz, Poland",Bydgoszcz,,2023-02-08 17:23:29,00:05:16,"Księcia Jeremiego Wiśniowieckiego ""Jaremy"" 21, 93-645 Łódź, Poland",Łódź,
,,,,,2023-02-09 07:26:08,02:10:37,"66 A, 85-733 Bydgoszcz, Poland",Bydgoszcz,,2023-02-08 07:47:50,,"Plac Tysiąclecia Państwa Polskiego 11-9, 78-320 Połczyn-Zdrój, Poland",Połczyn-Zdrój,,2023-02-10 20:26:23,,"Stanisława Leszczyńskiego 65, 85-137 Bydgoszcz, Poland",Bydgoszcz,,2023-02-08 19:47:04,,"Nakielska 86, 85-358 Bydgoszcz, Poland",Bydgoszcz,
,,,,, ,,,,, ,01:35:31,,,, ,,,,, ,,,,
,,,,,2023-02-09 08:15:26,,"Karola Szajnochy 14, 85-738 Bydgoszcz, Poland",Bydgoszcz,,2023-02-08 17:51:13,,"Przyrowo 13, 78-320, Poland",Przyrowo,,2023-02-13 07:07:22,02:47:25,"Stanisława Leszczyńskiego 61, 85-137 Bydgoszcz, Poland",Bydgoszcz,,2023-02-08 19:50:05,02:53:44,"Nakielska 86, 85-358 Bydgoszcz, Poland",Bydgoszcz,
,,,,,2023-02-09 08:34:42,00:39:04,"Przemysłowa, 85-758 Bydgoszcz, Poland",Bydgoszcz,,2023-02-08 18:00:48,,"Rynkowa 2, 78-320 Połczyn-Zdrój, Poland",Połczyn-Zdrój,,2023-02-13 07:24:11,,"Karola Szajnochy 14, 85-738 Bydgoszcz, Poland",Bydgoszcz,,2023-02-08 20:00:44,,"plac Piastowski 17-30, 85-012 Bydgoszcz, Poland",Bydgoszcz,
,,,,, ,,,,, ,00:41:24,,,, ,,,,, ,,,,
,,,,,2023-02-09 09:40:44,,"Przemysłowa 34, 85-758 Bydgoszcz, Poland",Bydgoszcz,,2023-02-08 18:54:16,,"Warszawska 23-21, 78-320 Połczyn-Zdrój, Poland",Połczyn-Zdrój,,2023-02-13 10:05:28,00:15:22,"Karola Szajnochy 14, 85-738 Bydgoszcz, Poland",Bydgoszcz,,2023-02-09 04:30:52,02:23:35,"Wileńska 10, 85-013 Bydgoszcz, Poland",Bydgoszcz,
,,,,,2023-02-09 09:48:17,,"Karola Szajnochy 14, 85-738 Bydgoszcz, Poland",Bydgoszcz,,2023-02-08 19:27:49,,"Drahimska 83, 78-440 Czaplinek, Poland",Czaplinek,,2023-02-13 10:12:54,,"Swarzewska 43-39, 85-731 Bydgoszcz, Poland",Bydgoszcz,,2023-02-09 05:48:55,,"1 Stycznia 35, 88-400 Żnin-Wieś, Poland",Żnin-Wieś,
,,,,, ,00:19:16,,,, ,00:16:49,,,, ,,,,, ,,,,
,,,,,2023-02-09 12:12:43,,"Karola Szajnochy 14, 85-738 Bydgoszcz, Poland",Bydgoszcz,,2023-02-09 07:29:38,,"Drahimska 83, 78-440 Czaplinek, Poland",Czaplinek,,2023-02-13 10:55:56,00:16:49,"Swarzewska 43-39, 85-731 Bydgoszcz, Poland",Bydgoszcz,,2023-02-09 05:56:21,00:10:39,"1 Stycznia 35, 88-400 Żnin-Wieś, Poland",Żnin-Wieś,
,,,,,2023-02-09 12:18:01,,"Fabryczna 21, 85-741 Bydgoszcz, Poland",Bydgoszcz,,2023-02-09 07:52:57,,"Plac Tysiąclecia Państwa Polskiego 11-9, 78-320 Połczyn-Zdrój, Poland",Połczyn-Zdrój,,2023-02-13 11:01:06,,"Karola Szajnochy 14, 85-738 Bydgoszcz, Poland",Bydgoszcz,,2023-02-09 07:06:34,,"Parking, S11, 62-070 Dąbrówka, Poland",Dopiewo,
,,,,, ,00:07:33,,,, ,00:09:35,,,, ,,,,, ,,,,
,,,,,2023-02-10 07:45:36,,"Karola Szajnochy 14, 85-738 Bydgoszcz, Poland",Bydgoszcz,,2023-02-09 19:32:03,,"Przyrowo 13, 78-320, Poland",Przyrowo,,2023-02-13 12:42:44,,"Fabryczna 16, 85-741 Bydgoszcz, Poland",Bydgoszcz,,2023-02-09 07:13:48,01:18:03,"Parking, S11, 62-070 Dąbrówka, Poland",Dopiewo,
,,,,,2023-02-10 08:00:44,,"Bielska 250, 86-031 Bydgoszcz, Poland",Bydgoszcz,,2023-02-09 22:35:02,,"DK80 65, 87-100 Toruń, Poland",Toruń,,2023-02-13 12:57:18,00:07:26,"Aleja Prezydenta Lecha Kaczyńskiego 3, 85-806 Bydgoszcz, Poland",Bydgoszcz,,2023-02-09 07:40:15,,"Kwiatowa 2-12, 62-090 Mrowino, Poland",Mrowino,
,,,,, ,00:05:18,,,, ,00:33:33,,,, ,,,,, ,,,,
,,,,,2023-02-10 19:48:08,,"Aleja Armii Krajowej 250, 86-031 Bydgoszcz, Poland",Bydgoszcz,,2023-02-09 22:42:25,,"DK80 65, 87-100 Toruń, Poland",Toruń,,2023-02-13 13:18:04,,"Aleja Prezydenta Lecha Kaczyńskiego 3, 85-806 Bydgoszcz, Poland",Bydgoszcz,,2023-02-09 13:09:27,01:10:13,"Kwiatowa 2-12, 62-090 Mrowino, Poland",Mrowino,
,,,,,2023-02-10 19:58:15,,"Karola Szajnochy 14, 85-738 Bydgoszcz, Poland",Bydgoszcz,,2023-02-09 22:49:43,,"Jana Dekerta 5, 87-100 Toruń, Poland",Toruń,,2023-02-13 13:28:27,00:05:10,"Karola Szajnochy 14, 85-738 Bydgoszcz, Poland",Bydgoszcz,,2023-02-09 14:28:29,,"DW251 38, 88-400, Poland",,
,,,,, ,00:15:08,,,, ,00:23:19,,,, ,,,,, ,,,,
,,,,,2023-02-13 08:28:29,,"Karola Szajnochy 14, 85-738 Bydgoszcz, Poland",Bydgoszcz,,2023-02-10 06:21:15,,"Piaskowa 5-3, 87-100 Toruń, Poland",Toruń,,2023-02-13 15:40:57,,"Karola Szajnochy 16, 85-738 Bydgoszcz, Poland",Bydgoszcz,,2023-02-09 15:00:05,,"DW251 38, 88-400, Poland",,
,,,,,2023-02-13 11:00:07,,"Czołowo 18, 62-600, Poland",Czołowo,,2023-02-10 07:04:53,,"Łęczycka 6, 85-739 Bydgoszcz, Poland",Bydgoszcz,,2023-02-13 16:00:28,00:14:34,"Brzozowa 28-32, 85-154 Bydgoszcz, Poland",Bydgoszcz,,2023-02-09 16:08:27,00:26:27,"Hetmańska 29, 85-039 Bydgoszcz, Poland",Bydgoszcz,
,,,,, ,00:10:07,,,, ,03:02:59,,,, ,,,,, ,,,,
,,,,,2023-02-13 14:45:14,,"Czołowo 17, 62-600, Poland",Czołowo,,2023-02-10 07:12:43,,"Łęczycka 6-4, 85-737 Bydgoszcz, Poland",Bydgoszcz,,2023-02-13 16:08:54,,"Brzozowa 28-32, 85-154 Bydgoszcz, Poland",Bydgoszcz,,2023-02-10 06:40:14,,"Hetmańska 29, 85-039 Bydgoszcz, Poland",Bydgoszcz,
,,,,,2023-02-13 17:07:50,,"Karola Szajnochy 14, 85-738 Bydgoszcz, Poland",Bydgoszcz,,2023-02-10 07:19:31,,"Karola Szajnochy 14, 85-738 Bydgoszcz, Poland",Bydgoszcz,,2023-02-13 16:16:47,00:10:23,"Stanisława Leszczyńskiego 61, 85-137 Bydgoszcz, Poland",Bydgoszcz,,2023-02-10 06:46:05,01:19:02,"Gdańska 142, 85-674 Bydgoszcz, Poland",Bydgoszcz,
,,,,, ,,,,, ,00:07:18,,,, ,,,,, ,,,,
,,,,,2023-02-13 17:18:19,02:31:38,"Karola Szajnochy 14, 85-738 Bydgoszcz, Poland",Bydgoszcz,,2023-02-10 07:46:21,,"Karola Szajnochy 14, 85-738 Bydgoszcz, Poland",Bydgoszcz,,2023-02-14 03:37:58,,"Stanisława Leszczyńskiego 61, 85-137 Bydgoszcz, Poland",Bydgoszcz,,2023-02-10 06:56:45,,"Gdańska 142, 85-674 Bydgoszcz, Poland",Bydgoszcz,
,,,,,2023-02-13 19:25:51,,"Ludwika Mierosławskiego 8-4, 14-200 Iława, Poland",Iława,,2023-02-10 07:59:54,,"Bielska 250, 86-031 Bydgoszcz, Poland",Bydgoszcz,,2023-02-14 05:38:10,00:19:31,"Kamieńca Podolskiego 10, 93-645 Łódź, Poland",Łódź,,2023-02-10 07:06:15,01:08:22,"Karola Szajnochy 14, 85-738 Bydgoszcz, Poland",Bydgoszcz,
,,,,, ,,,,, ,00:43:38,,,, ,,,,, ,,,,
,,,,,2023-02-13 19:34:55,,"Ludwika Mierosławskiego 8-4, 14-200 Iława, Poland",Iława,,2023-02-10 08:19:29,,"Bielska 250, 86-031 Bydgoszcz, Poland",Bydgoszcz,,2023-02-14 05:42:25,,"Kamieńca Podolskiego 10, 93-645 Łódź, Poland",Łódź,,2023-02-12 10:21:21,,"Karola Szajnochy 14, 85-738 Bydgoszcz, Poland",Bydgoszcz,
,,,,,2023-02-13 21:32:10,02:22:36,"DK58, 12-100, Poland",,,2023-02-10 08:42:01,,"Karola Szajnochy 14, 85-738 Bydgoszcz, Poland",Bydgoszcz,,2023-02-14 07:17:46,00:07:53,"A1, 42-674 Zabrze, Poland",Zabrze,,2023-02-12 10:27:22,00:05:51,"Fabryczna 21, 85-741 Bydgoszcz, Poland",Bydgoszcz,
,,,,, ,,,,, ,,,,, ,,,,, ,,,,
,,,,,2023-02-14 09:00:22,,"DK58, 12-100, Poland",,,2023-02-10 08:44:03,00:06:48,"Karola Szajnochy 14, 85-738 Bydgoszcz, Poland",Bydgoszcz,,2023-02-14 07:25:44,,"A1, 42-674 Zabrze, Poland",Zabrze,,2023-02-12 10:34:51,,"Fabryczna 21, 85-741 Bydgoszcz, Poland",Bydgoszcz,
,,,,,2023-02-14 09:12:17,02:07:32,"Stanisława Staszica 33-23, 12-100 Szczytno, Poland",Szczytno,,2023-02-10 09:13:03,,"Poziomkowa 60A, 87-134 Zławieś Wielka, Poland",Zławieś Wielka,,2023-02-14 07:40:54,02:00:12,"Pogodna 2, 44-119 Gliwice, Poland",Gliwice,,2023-02-12 12:00:17,00:09:30,"E75, 87-840, Poland",,
,,,,, ,,,,, ,,,,, ,,,,, ,,,,
,,,,,2023-02-14 15:04:49,,"Stanisława Staszica 33-23, 12-100 Szczytno, Poland",Szczytno,,2023-02-10 19:07:48,00:13:33,"Poziomkowa 60A, 87-134 Zławieś Wielka, Poland",Zławieś Wielka,,2023-02-14 07:47:53,,"Pogodna 2, 44-119 Gliwice, Poland",Gliwice,,2023-02-12 12:05:35,,"E75, 87-840, Poland",,
,,,,,2023-02-14 16:08:39,01:57:15,"Plac Wojciecha z Brudzewa 11, 13-100 Nidzica, Poland",Nidzica,,2023-02-10 19:40:26,,"Bielska 250, 86-031 Bydgoszcz, Poland",Bydgoszcz,,2023-02-14 12:57:12,01:35:21,"Čachtická 9-1, 831 06 Bratislava, Slovakia",,,2023-02-12 13:26:44,00:06:01,"Droga bez nazwy, 05-840, Poland",,
,,,,, ,,,,, ,,,,, ,,,,, ,,,,
,,,,,2023-02-15 07:49:05,,"Plac Wojciecha z Brudzewa 11, 13-100 Nidzica, Poland",Nidzica,,2023-02-10 19:48:30,,"Bielska 250, 86-031 Bydgoszcz, Poland",Bydgoszcz,,2023-02-14 13:01:47,,"Čachtická 9-1, 831 06 Bratislava, Slovakia",Bratislava,,2023-02-12 13:46:32,,"Droga bez nazwy, 05-840, Poland",,
,,,,,2023-02-15 08:04:30,00:11:55,"Traugutta 20, 13-100 Nidzica, Poland",Nidzica,,2023-02-10 19:57:39,00:22:32,"Karola Szajnochy 14, 85-738 Bydgoszcz, Poland",Bydgoszcz,,2023-02-14 13:12:23,00:15:10,"Dopravná 9457, 831 06 Bratislava, Slovakia",,,2023-02-12 15:45:39,01:25:26,"DK19 52, 24-220 Niedrzwica Kościelna, Poland",Niedrzwica Kościelna,
,,,,, ,,,,, ,,,,, ,,,,, ,,,,
,,,,,2023-02-15 12:06:27,,"Traugutta 20, 13-100 Nidzica, Poland",Nidzica,,2023-02-13 09:18:46,,"Karola Szajnochy 14, 85-738 Bydgoszcz, Poland",Bydgoszcz,,2023-02-14 16:57:04,,"Rušňová Ulica, 831 06 Bratislava, Slovakia",Bratislava,,2023-02-12 15:53:33,,"Krakowska 48, 24-220 Niedrzwica Kościelna, Poland",Niedrzwica Kościelna,
,,,,,2023-02-15 14:11:11,01:03:50,"aleja Turystów, 12-200 Pisz, Poland",Pisz,,2023-02-13 10:16:58,,"Pałucka 2, 62-200 Gniezno, Poland",Gniezno,,2023-02-14 17:07:01,05:09:19,"Rožňavská, 821 04 Bratislava, Slovakia",,,2023-02-12 17:49:36,01:21:09,"Sanowa 15, 37-500 Jarosław, Poland",Jarosław,
,,,,, ,,,,, ,00:29:00,,,, ,,,,, ,,,,
,,,,,2023-02-15 14:26:31,,"aleja Turystów, 12-200 Pisz, Poland",Pisz,,2023-02-13 10:34:02,,"Gdańska 119, 62-200 Gniezno, Poland",Gniezno,,2023-02-14 17:09:16,,"Rožňavská, 821 04 Bratislava, Slovakia",Bratislava,,2023-02-13 07:17:24,,"Sanowa 15, 37-500 Jarosław, Poland",Jarosław,
,,,,,2023-02-15 14:34:39,00:15:25,"Rybacka 2-6, 12-200 Pisz, Poland",Pisz,,2023-02-13 11:38:03,,"plac Parkowy, 62-060 Skrzynki, Poland",Skrzynki,,2023-02-14 17:30:02,00:10:36,"Alstrova 37, 831 06 Bratislava, Slovakia",,,2023-02-13 07:42:00,01:59:07,"Droga bez nazwy, 37-542, Poland",,
,,,,, ,,,,, ,00:32:38,,,, ,,,,, ,,,,
,,,,,2023-02-15 14:41:47,,"Rybacka 2-6, 12-200 Pisz, Poland",Pisz,,2023-02-13 15:47:39,,"plac Parkowy 7, 62-060 Jeziorki, Poland",Jeziorki,,2023-02-15 08:17:51,,"Alstrova 8946, 831 06 Bratislava, Slovakia",Bratislava,,2023-02-13 16:11:01,,"Droga bez nazwy, 37-542, Poland",,
,,,,,2023-02-15 14:50:31,02:04:44,"Pionierów 2, 12-200 Pisz, Poland",Pisz,,2023-02-13 15:59:02,,"św. Rocha, 64-320 Wielka Wieś, Poland",Wielka Wieś,,2023-02-15 08:28:16,00:09:57,"Rušňová Ulica, 831 06 Bratislava, Slovakia",,,2023-02-13 16:42:29,,"Sportowa 7, 37-522 Szówsko, Poland",Szówsko,
,,,,, ,,,,, ,,,,, ,,,,, ,01:56:03,,,
,,,,,2023-02-16 07:44:31,,"aleja Turystów 3, 12-200 Pisz, Poland",Pisz,,2023-02-13 16:17:59,00:09:09,"Wojtczaka 9-1, 64-320 Buk, Poland",Buk,,2023-02-15 15:29:50,,"Rušňová Ulica, 831 06 Bratislava, Slovakia",Bratislava,,2023-02-13 16:45:14,,"Sportowa 7, 37-522 Szówsko, Poland",Szówsko,
,,,,,2023-02-16 08:12:25,00:08:08,"Droga bez nazwy, 18-500, Poland",,,2023-02-13 16:26:59,,"plac Parkowy 7, 62-060 Jeziorki, Poland",Jeziorki,,2023-02-15 20:37:59,00:20:46,"A1, Żory, Poland",Żory,,2023-02-13 16:50:49,,"Sanowa 19, 37-500 Jarosław, Poland",Jarosław,
,,,,, ,,,,, ,,,,, ,,,,, ,,,,
,,,,,2023-02-16 11:10:39,,"Droga bez nazwy, 18-500, Poland",,,2023-02-13 21:17:26,00:58:12,"plac Parkowy 7, 62-060 Jeziorki, Poland",Jeziorki,,2023-02-15 20:39:58,,"A1, Żory, Poland",Żory,,2023-02-14 08:10:21,00:24:36,"Sanowa 15, 37-500 Jarosław, Poland",Jarosław,
,,,,,2023-02-16 13:04:39,00:08:44,"Smrock-Dwór 1, 06-220, Poland",Smrock-Dwór,,2023-02-13 21:38:36,,"Michała Drzymały 10-16, 62-066 Granowo, Poland",Granowo,,2023-02-15 21:01:50,00:10:25,"al. Piastów Śląskich 11, 41-706 Ruda Śląska, Poland",Ruda Śląska,,2023-02-14 08:23:15,,"Koniaczów 71, 37-500, Poland",Koniaczów,
,,,,, ,,,,, ,,,,, ,,,,, ,,,,
,,,,,2023-02-16 15:02:44,,"Smrock-Dwór 1, 06-220, Poland",Smrock-Dwór,,2023-02-14 07:48:47,01:04:01,"Poznańska 1, 62-066 Granowo, Poland",Granowo,,2023-02-15 21:09:42,,"al. Piastów Śląskich 11, 41-706 Ruda Śląska, Poland",Ruda Śląska,,2023-02-14 08:25:12,00:31:28,"Koniaczów 71, 37-500, Poland",Koniaczów,
,,,,,2023-02-16 15:16:51,00:27:54,"Bazar 14, 06-200 Maków Mazowiecki, Poland",Maków Mazowiecki,,2023-02-14 08:08:25,,"plac Parkowy 7, 62-060 Jeziorki, Poland",Jeziorki,,2023-02-15 21:44:22,05:08:09,"Partyzantów 11c, 41-200 Sosnowiec, Poland",Sosnowiec,,2023-02-14 08:51:38,,"Droga bez nazwy, 37-542, Poland",,
,,,,, ,,,,, ,,,,, ,,,,, ,,,,
,,,,,2023-02-16 15:20:23,,"Bazar 14, 06-200 Maków Mazowiecki, Poland",Maków Mazowiecki,,2023-02-14 20:39:14,00:11:23,"plac Parkowy 10, 62-060 Skrzynki, Poland",Skrzynki,,2023-02-16 07:38:25,,"Partyzantów 11c, 41-200 Sosnowiec, Poland",Sosnowiec,,2023-02-14 17:02:51,00:05:35,"Bobrówka 104A, 37-543, Poland",Bobrówka,
,,,,,2023-02-16 19:11:27,,"Karola Szajnochy 14-18, 85-738 Bydgoszcz, Poland",Bydgoszcz,,2023-02-14 22:53:53,,"Ludwika Zamenhofa, 63-410 Ostrów Wielkopolski, Poland",Ostrów Wielkopolski,,2023-02-16 08:07:35,00:21:52,"Wojkowicka 14A, 41-250 Czeladź, Poland",Czeladź,,2023-02-14 17:32:20,,"Sanowa 15, 37-500 Jarosław, Poland",Jarosław,
,,,,, ,01:54:00,,,, ,,,,, ,,,,, ,,,,
,,,,,2023-02-17 10:53:42,,"Karola Szajnochy 14, 85-738 Bydgoszcz, Poland",Bydgoszcz,,2023-02-14 22:56:17,00:09:00,"Ludwika Zamenhofa, 63-410 Ostrów Wielkopolski, Poland",Ostrów Wielkopolski,,2023-02-16 09:56:24,,"Wojkowicka 14A, 41-250 Czeladź, Poland",Czeladź,,2023-02-15 08:17:56,00:12:54,"Sanowa 15, 37-500 Jarosław, Poland",Jarosław,
,,,,,2023-02-17 11:05:17,,"Przemysłowa 34, 85-758 Bydgoszcz, Poland",Bydgoszcz,,2023-02-14 23:17:04,,"Wrocławska 13-3, 63-410 Ostrów Wielkopolski, Poland",Ostrów Wielkopolski,,2023-02-16 11:01:52,00:34:40,"Poprzeczna 1B, 42-100 Kłobuck, Poland",Kłobuck,,2023-02-15 08:43:12,,"Droga bez nazwy, 37-542, Poland",,
,,,,, ,00:14:07,,,, ,,,,, ,,,,, ,,,,
,,,,,2023-02-17 11:43:44,,"Przemysłowa 34, 85-758 Bydgoszcz, Poland",Bydgoszcz,,2023-02-15 07:45:32,00:21:10,"Wrocławska 13-3, 63-410 Ostrów Wielkopolski, Poland",Ostrów Wielkopolski,,2023-02-16 12:32:34,,"Poprzeczna 1B, 42-100 Kłobuck, Poland",Kłobuck,,2023-02-15 17:10:57,00:26:26,"Droga bez nazwy, 37-542, Poland",,
,,,,,2023-02-17 11:52:10,,"Karola Szajnochy 14, 85-738 Bydgoszcz, Poland",Bydgoszcz,,2023-02-15 08:01:33,,"Sporna 4-18, 63-410 Ostrów Wielkopolski, Poland",Ostrów Wielkopolski,,2023-02-16 13:22:50,,"Brzeźnicka 55, 97-500 Radomsko, Poland",Radomsko,,2023-02-15 17:37:54,,"Sanowa 19, 37-500 Jarosław, Poland",Jarosław,
,,,,, ,03:51:04,,,, ,,,,, ,00:29:10,,,, ,,,,
,,,,,2023-02-20 04:50:54,,"Fabryczna 21, 85-741 Bydgoszcz, Poland",Bydgoszcz,,2023-02-15 09:59:21,00:19:38,"Wiejska 18A, 63-400 Ostrów Wielkopolski, Poland",Ostrów Wielkopolski,,2023-02-16 13:30:13,,"Brzeźnicka 55, 97-500 Radomsko, Poland",Radomsko,,2023-02-16 08:03:08,,"Sanowa 19, 37-500 Jarosław, Poland",Jarosław,
,,,,,2023-02-20 07:56:36,,"Droga bez nazwy, 52-007 Wrocław, Poland",Wrocław,,2023-02-15 10:05:41,,"Bzowa 2-14, 63-410 Ostrów Wielkopolski, Poland",Ostrów Wielkopolski,,2023-02-16 15:02:47,,"E75, 87-840, Poland",,,2023-02-16 08:22:45,00:29:29,"Makowisko 16, 37-500, Poland",Makowisko,
,,,,, ,,,,, ,,,,, ,01:05:28,,,, ,,,,
,,,,,2023-02-20 08:00:56,00:11:35,"Droga bez nazwy, 52-007 Wrocław, Poland",Wrocław,,2023-02-15 10:20:58,02:14:39,"Bzowa 2-14, 63-410 Ostrów Wielkopolski, Poland",Ostrów Wielkopolski,,2023-02-16 15:04:33,,"E75, 87-840, Poland",,,2023-02-16 08:25:17,,"Makowisko 16, 37-500, Poland",Makowisko,
,,,,,2023-02-20 08:28:45,,"Robotnicza 72A, 53-608 Wrocław, Poland",Wrocław,,2023-02-15 10:29:37,,"Wiejska 18A, 63-400 Ostrów Wielkopolski, Poland",Ostrów Wielkopolski,,2023-02-16 16:40:07,,"Stanisława Leszczyńskiego 61, 85-137 Bydgoszcz, Poland",Bydgoszcz,,2023-02-16 08:40:39,00:25:16,"Droga bez nazwy, 37-542, Poland",,
,,,,, ,,,,, ,,,,, ,00:50:16,,,, ,,,,
,,,,,2023-02-20 20:44:36,00:08:26,"Robotnicza 72A, 53-608 Wrocław, Poland",Wrocław,,2023-02-15 17:37:36,,"Wiejska 18A, 63-400 Ostrów Wielkopolski, Poland",Ostrów Wielkopolski,,2023-02-17 07:08:03,,"Leszczyńskiego 67, 85-137 Bydgoszcz, Poland",Bydgoszcz,,2023-02-16 17:03:59,,"Droga bez nazwy, 37-542, Poland",,
,,,,,2023-02-20 20:54:36,,"Białowieska 107, 54-234 Wrocław, Poland",Wrocław,,2023-02-15 18:20:32,00:20:47,"Krotoszyńska 18, 63-330 Dobrzyca, Poland",Dobrzyca,,2023-02-17 07:22:46,,"Łęczycka 6, 85-739 Bydgoszcz, Poland",Bydgoszcz,,2023-02-16 17:39:59,00:26:57,"Sanowa 15, 37-500 Jarosław, Poland",Jarosław,
,,,,, ,,,,, ,,,,, ,01:32:34,,,, ,,,,
,,,,,2023-02-21 08:00:38,03:05:42,"Wejherowska, 54-239 Wrocław, Poland",Wrocław,,2023-02-15 18:27:06,,"Krotoszyńska 18, 63-330 Dobrzyca, Poland",Dobrzyca,,2023-02-17 08:25:17,,"Karola Szajnochy 14, 85-738 Bydgoszcz, Poland",Bydgoszcz,,2023-02-17 08:06:34,,"Sanowa 15, 37-500 Jarosław, Poland",Jarosław,
,,,,,2023-02-21 08:11:54,,"Droga bez nazwy, 54-212 Wrocław, Poland",Wrocław,,2023-02-15 18:38:13,00:16:01,"Droga bez nazwy, 63-720, Poland",,,2023-02-17 08:30:21,,"Karola Szajnochy 14, 85-738 Bydgoszcz, Poland",Bydgoszcz,,2023-02-17 08:11:45,00:19:37,"Sanowa 14, 35-500 Jarosław, Poland",Jarosław,
,,,,, ,,,,, ,,,,, ,01:35:34,,,, ,,,,
,,,,,2023-02-21 08:18:52,00:27:49,"Droga bez nazwy, 54-212 Wrocław, Poland",Wrocław,,2023-02-16 07:33:23,,"Droga bez nazwy, 63-720, Poland",,,2023-02-17 08:45:56,,"Karola Szajnochy 14, 85-738 Bydgoszcz, Poland",Bydgoszcz,,2023-02-17 08:15:59,,"Sanowa 14, 35-500 Jarosław, Poland",Jarosław,
,,,,,2023-02-21 08:30:33,,"Robotnicza 72A, 53-608 Wrocław, Poland",Wrocław,,2023-02-16 07:57:31,00:06:20,"Przemysłowa 1a, 63-720 Koźmin Wielkopolski, Poland",Koźmin Wielkopolski,,2023-02-17 08:56:01,,"Aleja Prezydenta Lecha Kaczyńskiego 5-3, 85-806 Bydgoszcz, Poland",Bydgoszcz,,2023-02-17 08:23:44,00:15:22,"Makowisko 16, 37-500, Poland",Makowisko,
,,,,, ,,,,, ,,,,, ,00:14:43,,,, ,,,,
,,,,,2023-02-21 21:19:07,00:10:00,"Robotnicza 72A, 53-608 Wrocław, Poland",Wrocław,,2023-02-16 08:10:06,,"Przemysłowa 1a, 63-720 Koźmin Wielkopolski, Poland",Koźmin Wielkopolski,,2023-02-17 09:00:29,,"Aleja Prezydenta Lecha Kaczyńskiego 5-3, 85-806 Bydgoszcz, Poland",Bydgoszcz,,2023-02-17 08:25:56,,"Makowisko, 37-500 Makowisko, Poland",Makowisko,
,,,,,2023-02-21 21:28:02,,"most Milenijny, Wrocław, Poland",Wrocław,,2023-02-16 09:02:58,00:08:39,"DW442 30-5, 63-313, Poland",,,2023-02-17 09:24:14,,"Karola Szajnochy 14, 85-738 Bydgoszcz, Poland",Bydgoszcz,,2023-02-17 08:40:18,00:36:00,"Droga bez nazwy, 37-542, Poland",,
,,,,, ,,,,, ,,,,, ,,,,, ,,,,
,,,,,2023-02-22 08:09:28,00:11:16,"Wejherowska, 54-239 Wrocław, Poland",Wrocław,,2023-02-16 21:29:33,,"DW442 30-5, 63-313, Poland",,,2023-02-17 12:20:01,00:05:04,"Karola Szajnochy 14, 85-738 Bydgoszcz, Poland",Bydgoszcz,,2023-02-17 17:08:00,,"Droga bez nazwy, 37-542, Poland",,
,,,,,2023-02-22 08:22:32,,"Robotnicza 72A, 53-608 Wrocław, Poland",Wrocław,,2023-02-16 21:38:40,00:42:56,"Pleszewska 39A, 63-313 Chocz, Poland",Chocz,,2023-02-17 12:39:26,,"Stanisława Leszczyńskiego 61, 85-137 Bydgoszcz, Poland",Bydgoszcz,,2023-02-17 17:22:26,00:05:11,"Koniaczów 71, 37-500, Poland",Koniaczów,
,,,,, ,,,,, ,,,,, ,,,,, ,,,,
,,,,,2023-02-22 11:09:28,00:11:41,"Robotnicza 70H, 53-608 Wrocław, Poland",Wrocław,,2023-02-16 21:48:38,,"Pleszewska 39A, 63-313 Chocz, Poland",Chocz,,2023-02-20 06:16:01,00:10:05,"Leszczyńskiego 67, 85-137 Bydgoszcz, Poland",Bydgoszcz,,2023-02-17 17:36:10,,"Koniaczów 71, 37-500, Poland",Koniaczów,
,,,,,2023-02-22 12:16:52,,"Balonowa 35, 64-100 Leszno, Poland",Leszno,,2023-02-16 22:10:24,00:11:07,"Droga bez nazwy, 63-300 Zawidowice, Poland",Zawidowice,,2023-02-20 08:02:19,,"Tadeusza Kościuszki 28, 87-400 Golub-Dobrzyń, Poland",Golub-Dobrzyń,,2023-02-17 21:47:16,00:07:45,"A2, 96-314, Poland",,
,,,,, ,,,,, ,,,,, ,,,,, ,,,,
,,,,,2023-02-22 12:22:56,00:08:55,"Balonowa 35, 64-100 Leszno, Poland",Leszno,,2023-02-17 07:35:22,,"Zawidowice 14A, 63-300, Poland",Zawidowice,,2023-02-20 08:08:30,00:23:45,"Pod Arkadami 11, 87-400 Golub-Dobrzyń, Poland",Golub-Dobrzyń,,2023-02-17 21:53:33,,"A2, 96-314, Poland",,
,,,,,2023-02-22 14:41:23,,"Karola Szajnochy 14, 85-738 Bydgoszcz, Poland",Bydgoszcz,,2023-02-17 08:23:51,,"Przemysłowa 5-1, 63-720 Koźmin Wielkopolski, Poland",Koźmin Wielkopolski,,2023-02-20 08:35:36,,"Mleczarska 6, 87-500 Rypin, Poland",Rypin,,2023-02-18 00:52:31,00:14:22,"Karola Szajnochy 14, 85-738 Bydgoszcz, Poland",Bydgoszcz,
,,,,, ,,,,, ,00:24:08,,,, ,,,,, ,,,,
,,,,,2023-02-24 09:11:13,,"Karola Szajnochy 14-18, 85-738 Bydgoszcz, Poland",Bydgoszcz,,2023-02-17 14:53:46,,"Przemysłowa 5-1, 63-720 Koźmin Wielkopolski, Poland",Koźmin Wielkopolski,,2023-02-20 18:52:04,,"Mleczarska 6, 87-500 Rypin, Poland",Rypin,,2023-02-20 03:35:09,,"Fabryczna 21, 85-741 Bydgoszcz, Poland",Bydgoszcz,
,,,,,2023-02-24 09:28:03,00:13:04,"Przemysłowa, 85-758 Bydgoszcz, Poland",Bydgoszcz,,2023-02-17 17:13:13,,"Nowa 6, 88-140 Gniewkowo, Poland",Gniewkowo,,2023-02-20 19:02:07,00:19:25,"Mławska 46, 87-500 Rypin, Poland",Rypin,,2023-02-20 06:02:50,00:14:26,"DK11, 63-300 Kowalew, Poland",Kowalew,
,,,,, ,,,,, ,00:52:52,,,, ,,,,, ,,,,
,,,,,2023-02-24 09:30:18,,"Przemysłowa 34, 85-758 Bydgoszcz, Poland",Bydgoszcz,,2023-02-17 17:37:00,,"Krótka 3, 88-140 Gniewkowo, Poland",Gniewkowo,,2023-02-21 07:28:14,,"Mławska 46, 87-500 Rypin, Poland",Rypin,,2023-02-20 06:09:15,,"DK11, 63-300 Kowalew, Poland",Kowalew,
,,,,,2023-02-24 09:39:23,01:07:24,"Fabryczna 22, 85-726 Bydgoszcz, Poland",Bydgoszcz,,2023-02-17 17:53:55,,"Kręta 76, 87-103 Toruń, Poland",Toruń,,2023-02-21 07:36:43,01:46:18,"Mleczarska 6, 87-500 Rypin, Poland",Rypin,,2023-02-20 06:53:12,04:11:06,"Stanisława Żółkiewskiego 3b, 63-400 Ostrów Wielkopolski, Poland",Ostrów Wielkopolski,
,,,,, ,,,,, ,00:09:07,,,, ,,,,, ,,,,
,,,,,2023-02-27 06:55:56,,"Karola Szajnochy 14, 85-738 Bydgoszcz, Poland",Bydgoszcz,,2023-02-17 17:56:24,,"Kręta 76, 87-103 Toruń, Poland",Toruń,,2023-02-21 18:31:24,,"Mleczarska 6, 87-500 Rypin, Poland",Rypin,,2023-02-20 14:47:08,,"Stanisława Żółkiewskiego 3b, 63-400 Ostrów Wielkopolski, Poland",Ostrów Wielkopolski,
,,,,,2023-02-27 07:01:28,02:18:27,"Fabryczna 21, 85-741 Bydgoszcz, Poland",Bydgoszcz,,2023-02-17 18:02:16,,"DK15 6-8, 87-100 Toruń, Poland",Toruń,,2023-02-21 18:40:26,00:27:06,"Mławska 48, 87-500 Rypin, Poland",Rypin,,2023-02-20 15:03:29,,"Krotoszyńska 176, 63-410 Ostrów Wielkopolski, Poland",Ostrów Wielkopolski,
,,,,, ,,,,, ,00:21:46,,,, ,,,,, ,02:58:58,,,
,,,,,2023-02-27 07:05:37,,"Fabryczna 21, 85-741 Bydgoszcz, Poland",Bydgoszcz,,2023-02-17 18:10:33,,"Poznańska 21, 87-100 Toruń, Poland",Toruń,,2023-02-22 07:29:09,,"Mławska 48B, 87-500 Rypin, Poland",Rypin,,2023-02-21 06:48:02,,"Topolowa 10, 63-400 Ostrów Wielkopolski, Poland",Ostrów Wielkopolski,
,,,,,2023-02-27 08:40:43,00:16:50,"Dworcowa 1, 83-240 Lubichowo, Poland",Lubichowo,,2023-02-17 18:26:37,,"Legionów 26-28, 87-100 Toruń, Poland",Toruń,,2023-02-22 07:35:03,00:10:03,"Mławska 46, 87-500 Rypin, Poland",Rypin,,2023-02-21 06:56:32,,"Stanisława Żółkiewskiego 3b, 63-400 Ostrów Wielkopolski, Poland",Ostrów Wielkopolski,
,,,,, ,,,,, ,,,,, ,,,,, ,02:27:41,,,
,,,,,2023-02-27 08:48:01,,"Dworcowa 1, 83-240 Lubichowo, Poland",Lubichowo,,2023-02-17 21:26:07,00:48:29,"Jana Matejki 54, 87-100 Toruń, Poland",Toruń,,2023-02-22 07:40:16,,"Mławska 46, 87-500 Rypin, Poland",Rypin,,2023-02-21 14:53:36,,"Stanisława Żółkiewskiego 3, 63-400 Ostrów Wielkopolski, Poland",Ostrów Wielkopolski,
,,,,,2023-02-27 09:06:02,00:09:05,"Borzechowska 17, 83-210 Zblewo, Poland",Zblewo,,2023-02-17 21:33:56,,"Piernikarska 7-5, 87-100 Toruń, Poland",Toruń,,2023-02-22 07:46:55,00:08:29,"Mleczarska 6, 87-500 Rypin, Poland",Rypin,,2023-02-21 15:01:53,,"Bartosza Głowackiego 71-69, 63-410 Ostrów Wielkopolski, Poland",Ostrów Wielkopolski,
,,,,, ,,,,, ,,,,, ,,,,, ,,,,
,,,,,2023-02-27 18:25:21,,"Leśna 13, 83-210 Zblewo, Poland",Zblewo,,2023-02-17 21:57:42,02:19:27,"Piernikarska 7-5, 87-100 Toruń, Poland",Toruń,,2023-02-22 17:42:07,,"Mleczarska 6, 87-500 Rypin, Poland",Rypin,,2023-02-21 15:03:58,00:43:57,"Bartosza Głowackiego 71-69, 63-410 Ostrów Wielkopolski, Poland",Ostrów Wielkopolski,
,,,,,2023-02-27 19:02:43,00:05:32,"Zblewska 5, 83-200 Starogard Gdański, Poland",Starogard Gdański,,2023-02-17 22:11:43,,"Legionów 26-28, 87-100 Toruń, Poland",Toruń,,2023-02-22 17:49:28,00:09:02,"Księdza Lissowskiego 2, 87-500 Rypin, Poland",Rypin,,2023-02-21 15:09:50,,"Topolowa 10, 63-400 Ostrów Wielkopolski, Poland",Ostrów Wielkopolski,
,,,,, ,,,,, ,,,,, ,,,,, ,,,,
,,,,,2023-02-27 19:24:13,,"Zblewska 5, 83-200 Starogard Gdański, Poland",Starogard Gdański,,2023-02-18 10:39:54,00:16:55,"Piaskowa 3, 87-100 Toruń, Poland",Toruń,,2023-02-23 07:38:36,,"Mławska 46B, 87-500 Rypin, Poland",Rypin,,2023-02-22 06:44:08,,"Topolowa 10, 63-400 Ostrów Wielkopolski, Poland",Ostrów Wielkopolski,
,,,,,2023-02-27 19:47:58,01:35:06,"Leśna 6, 83-210 Zblewo, Poland",Zblewo,,2023-02-18 10:47:12,,"Grunwaldzka 4-20, 87-100 Toruń, Poland",Toruń,,2023-02-23 07:46:24,00:05:54,"Mleczarska 6, 87-500 Rypin, Poland",Rypin,,2023-02-22 06:55:13,00:16:21,"Stanisława Żółkiewskiego 3, 63-400 Ostrów Wielkopolski, Poland",Ostrów Wielkopolski,
,,,,, ,,,,, ,,,,, ,,,,, ,,,,
,,,,,2023-02-28 08:08:18,,"Leśna 6, 83-210 Zblewo, Poland",Zblewo,,2023-02-18 11:26:38,00:05:52,"Droga bez nazwy, 87-100 Toruń, Poland",Toruń,,2023-02-23 17:42:11,,"Mleczarska 6, 87-500 Rypin, Poland",Rypin,,2023-02-22 14:56:04,,"Stanisława Żółkiewskiego 3, 63-400 Ostrów Wielkopolski, Poland",Ostrów Wielkopolski,
,,,,,2023-02-28 08:20:31,00:18:01,"Borzechowska 17, 83-210 Zblewo, Poland",Zblewo,,2023-02-18 11:32:46,,"Konstantego Ildefonsa Gałczyńskiego 56, 87-100 Toruń, Poland",Toruń,,2023-02-23 20:02:04,00:06:39,"Stanisława Leszczyńskiego 61, 85-137 Bydgoszcz, Poland",Bydgoszcz,,2023-02-22 16:58:23,,"S5, 62-010, Poland",,
,,,,, ,,,,, ,,,,, ,,,,, ,00:08:30,,,
,,,,,2023-02-28 11:11:16,,"DK22, 83-210 Zblewo, Poland",Zblewo,,2023-02-18 12:52:41,00:16:04,"Legionów 27a, 87-100 Toruń, Poland",Toruń,,2023-02-24 07:28:58,,"Stanisława Leszczyńskiego 65, 85-137 Bydgoszcz, Poland",Bydgoszcz,,2023-02-22 17:03:02,,"S5, 62-010, Poland",,
,,,,,2023-02-28 11:23:29,,"Zblewska 89, 83-250 Starogard Gdański, Poland",Starogard Gdański,,2023-02-18 12:58:14,,"Jana Matejki 52, 87-100 Toruń, Poland",Toruń,,2023-02-24 07:55:34,00:07:21,"Karola Szajnochy 14, 85-738 Bydgoszcz, Poland",Bydgoszcz,,2023-02-22 18:17:49,,"plac Piastowski 17-30, 85-012 Bydgoszcz, Poland",Bydgoszcz,
,,,,, ,00:37:22,,,, ,,,,, ,,,,, ,00:08:17,,,
,,,,,2023-02-28 11:30:02,,"Zblewska 89, 83-250 Starogard Gdański, Poland",Starogard Gdański,,2023-02-18 15:33:30,00:07:49,"Jana Matejki 54, 87-100 Toruń, Poland",Toruń,,2023-02-24 16:06:59,,"Karola Szajnochy 14-18, 85-738 Bydgoszcz, Poland",Bydgoszcz,,2023-02-23 06:32:05,,"Henryka Sienkiewicza 33B, 85-013 Bydgoszcz, Poland",Bydgoszcz,
,,,,,2023-02-28 11:42:10,,"DW214, 83-210 Zblewo, Poland",Zblewo,,2023-02-18 15:46:13,,"Droga bez nazwy, 87-100 Toruń, Poland",Toruń,,2023-02-24 16:26:45,00:07:48,"Stanisława Leszczyńskiego 61, 85-137 Bydgoszcz, Poland",Bydgoszcz,,2023-02-23 06:38:53,,"Kamienna, 85-001 Bydgoszcz, Poland",Bydgoszcz,
,,,,, ,00:23:45,,,, ,,,,, ,,,,, ,,,,
,,,,,2023-02-28 18:34:49,,"Leśna 13, 83-210 Zblewo, Poland",Zblewo,,2023-02-18 17:30:24,00:14:01,"Droga bez nazwy, 87-100 Toruń, Poland",Toruń,,2023-02-27 06:19:20,,"Juliusza Kossaka 19, 85-156 Bydgoszcz, Poland",Bydgoszcz,,2023-02-23 06:52:51,00:05:52,"Kamienna, 85-001 Bydgoszcz, Poland",Bydgoszcz,
,,,,,2023-02-28 19:00:50,,"Leśna 6, 83-210 Zblewo, Poland",Zblewo,,2023-02-18 17:35:27,,"Droga bez nazwy, 87-100 Toruń, Poland",Toruń,,2023-02-27 08:12:02,,"plac Parkowy 7, 62-060 Jeziorki, Poland",Jeziorki,,2023-02-23 07:04:56,,"Karola Szajnochy 14, 85-738 Bydgoszcz, Poland",Bydgoszcz,
,,,,,,00:12:13,,,, ,,,,, ,02:19:53,,,, ,,,,
,,,,,,,,,,2023-02-18 18:04:59,00:07:18,"Droga bez nazwy, 87-100 Toruń, Poland",Toruń,,2023-02-27 20:33:54,,"plac Parkowy 10, 62-060 Skrzynki, Poland",Skrzynki,,2023-02-27 03:17:04,00:11:05,"Karola Szajnochy 14, 85-738 Bydgoszcz, Poland",Bydgoszcz,
,,,,,,,,,,2023-02-18 18:15:41,,"Piaskowa 6-10, 87-100 Toruń, Poland",Toruń,,2023-02-27 20:56:04,,"Poznańska 1, 62-066 Granowo, Poland",Granowo,,2023-02-27 03:24:55,,"Fabryczna 21, 85-741 Bydgoszcz, Poland",Bydgoszcz,
,,,,,,00:12:13,,,, ,,,,, ,00:26:36,,,, ,,,,
,,,,,,,,,,2023-02-19 13:14:59,,"Piaskowa 6-10, 87-100 Toruń, Poland",Toruń,,2023-02-28 07:31:39,,"Poznańska 1, 62-066 Granowo, Poland",Granowo,,2023-02-27 03:31:32,02:02:19,"Fabryczna 21, 85-741 Bydgoszcz, Poland",Bydgoszcz,
,,,,,,,,,,2023-02-19 13:26:53,00:06:08,"Ducha Świętego 6-12, 87-100 Toruń, Poland",Toruń,,2023-02-28 07:51:31,,"Leśna 1, 62-060 Rybojedzko, Poland",Rybojedzko,,2023-02-27 05:27:05,,"DK15 26a, 63-023 Miąskowo, Poland",Miąskowo,
,,,,,,00:12:08,,,, ,,,,, ,00:19:46,,,, ,,,,
,,,,,,,,,,2023-02-19 13:29:54,,"Ducha Świętego 6-12, 87-100 Toruń, Poland",Toruń,,2023-02-28 07:54:34,,"Leśna 1, 62-060 Rybojedzko, Poland",Rybojedzko,,2023-02-27 05:31:34,01:14:47,"DK15 26a, 63-023 Miąskowo, Poland",Miąskowo,
,,,,,,,,,,2023-02-19 13:50:22,00:05:33,"Droga bez nazwy, 87-100 Toruń, Poland",Toruń,,2023-02-28 08:02:34,,"plac Parkowy 7, 62-060 Jeziorki, Poland",Jeziorki,,2023-02-27 06:48:41,,"Stanisława Żółkiewskiego 3b, 63-400 Ostrów Wielkopolski, Poland",Ostrów Wielkopolski,
,,,,,,,,,, ,,,,, ,01:52:42,,,, ,,,,
,,,,,,00:26:01,,,,2023-02-19 15:34:15,,"Droga bez nazwy, 87-100 Toruń, Poland",Toruń,,2023-02-28 18:12:26,,"plac Parkowy 7, 62-060 Jeziorki, Poland",Jeziorki,,2023-02-27 15:06:49,00:06:48,"Stanisława Żółkiewskiego 3b, 63-400 Ostrów Wielkopolski, Poland",Ostrów Wielkopolski,
,,,,,,,,,,2023-02-19 15:42:08,00:12:43,"Piaskowa 3, 87-100 Toruń, Poland",Toruń,,2023-02-28 19:42:45,,"E261, 88-400, Poland",,,2023-02-27 15:24:36,,"Poznańska 82, 63-410 Ostrów Wielkopolski, Poland",Ostrów Wielkopolski,
,,,,,,,,,, ,,,,, ,00:22:10,,,, ,,,,
,,,,,,,,,,2023-02-20 06:25:11,,"Piaskowa 5-3, 87-100 Toruń, Poland",Toruń,,2023-02-28 19:43:56,,"E261, 88-400, Poland",,,2023-02-28 06:33:06,00:12:05,"Poznańska 82, 63-410 Ostrów Wielkopolski, Poland",Ostrów Wielkopolski,
,,,,,,,,,,2023-02-20 06:59:29,00:05:03,"DK80 433, 85-752 Bydgoszcz, Poland",Bydgoszcz,,2023-02-28 20:16:36,,"Stanisława Leszczyńskiego 61, 85-137 Bydgoszcz, Poland",Bydgoszcz,,2023-02-28 06:46:14,,"Stanisława Żółkiewskiego 3, 63-400 Ostrów Wielkopolski, Poland",Ostrów Wielkopolski,
,,,,,,,,,, ,,,,,,00:19:52,,,, ,,,,
,,,,,,,,,,2023-02-20 07:02:16,,"DK80 433, 85-752 Bydgoszcz, Poland",Bydgoszcz,,,,,,,2023-02-28 14:58:03,00:07:51,"Stanisława Żółkiewskiego 3, 63-400 Ostrów Wielkopolski, Poland",Ostrów Wielkopolski,
,,,,,,,,,,2023-02-20 07:14:14,00:10:42,"Fabryczna 23, 85-726 Bydgoszcz, Poland",Bydgoszcz,,,,,,,2023-02-28 15:05:38,,"Poznańska 76, 63-400 Ostrów Wielkopolski, Poland",Ostrów Wielkopolski,
,,,,,,,,,, ,,,,,,00:08:00,,,,,,,,
,,,,,,,,,,2023-02-20 09:43:56,,"Karola Szajnochy 14-18, 85-738 Bydgoszcz, Poland",Bydgoszcz,,,,,,,,01:55:33,,,
,,,,,,,,,,2023-02-20 10:09:05,00:11:54,"Karola Szajnochy 14-18, 85-738 Bydgoszcz, Poland",Bydgoszcz,,,,,,,,,,,
,,,,,,,,,, ,,,,,,01:30:19,,,,,,,,
,,,,,,,,,,2023-02-20 10:12:35,,"Karola Szajnochy 14-18, 85-738 Bydgoszcz, Poland",Bydgoszcz,,,,,,,,01:17:07,,,
,,,,,,,,,,2023-02-20 10:53:59,00:20:28,"1 Stycznia 35c, 88-400 Żnin, Poland",Żnin,,,,,,,,,,,
,,,,,,,,,, ,,,,,,00:32:40,,,,,,,,
,,,,,,,,,,2023-02-20 11:02:18,,"1 Stycznia 35c, 88-400 Żnin, Poland",Żnin,,,,,,,,00:17:47,,,
,,,,,,,,,,2023-02-20 14:02:53,00:07:53,"DK36, 63-740, Poland",,,,,,,,,,,,
,,,,,,,,,, ,,,,,,,,,,,,,,
,,,,,,,,,,2023-02-20 14:06:15,,"DK36, 63-740, Poland",,,,,,,,,00:13:08,,,
,,,,,,,,,,2023-02-20 15:24:24,00:34:18,"Zakątek, 64-140 Dominice, Poland",Dominice,,,,,,,,,,,
,,,,,,,,,, ,,,,,,,,,,,,,,
,,,,,,,,,,2023-02-20 19:23:04,,"Dominice 3A, 64-140, Poland",Dominice,,,,,,,,00:07:35,,,
,,,,,,,,,,2023-02-20 20:47:41,00:11:58,"wiadukt Solidarności, 62-200 Gniezno, Poland",Gniezno,,,,,,,,,,,
,,,,,,,,,, ,,,,,,,,,,,,,,
,,,,,,,,,,2023-02-20 21:05:11,,"wiadukt Solidarności, 62-200 Gniezno, Poland",Gniezno,,,,,,,,,,,
,,,,,,,,,,2023-02-20 22:53:58,00:25:09,"Średnia 5, 88-180 Złotniki Kujawskie, Poland",Złotniki Kujawskie,,,,,,,,,,,
,,,,,,,,,, ,,,,,,,,,,,,,,
,,,,,,,,,,2023-02-21 07:24:14,,"Szosa Bydgoska 64, 88-180 Złotniki Kujawskie, Poland",Złotniki Kujawskie,,,,,,,,,,,
,,,,,,,,,,2023-02-21 09:20:24,00:41:24,"Wrzesińska 2, 63-308 Gizałki, Poland",Gizałki,,,,,,,,,,,
,,,,,,,,,, ,,,,,,,,,,,,,,
,,,,,,,,,,2023-02-21 09:24:15,,"Wrzesińska 2, 63-308 Gizałki, Poland",Gizałki,,,,,,,,,,,
,,,,,,,,,,2023-02-21 09:59:08,03:00:35,"Sobótka 83C, 63-450, Poland",Sobótka,,,,,,,,,,,
,,,,,,,,,, ,,,,,,,,,,,,,,
,,,,,,,,,,2023-02-21 10:02:09,,"Sobótka 83C, 63-450, Poland",Sobótka,,,,,,,,,,,
,,,,,,,,,,2023-02-21 11:31:18,,"Kolejowa 1, 55-206 Minkowice Oławskie, Poland",Minkowice Oławskie,,,,,,,,,,,
,,,,,,,,,, ,01:18:09,,,,,,,,,,,,,
,,,,,,,,,,2023-02-21 12:59:08,,"Kolejowa 1, 55-206 Minkowice Oławskie, Poland",Minkowice Oławskie,,,,,,,,,,,
,,,,,,,,,,2023-02-21 15:41:52,,"Kwiatowa 2-12, 62-090 Mrowino, Poland",Mrowino,,,,,,,,,,,
,,,,,,,,,, ,01:24:37,,,,,,,,,,,,,
,,,,,,,,,,2023-02-21 17:00:11,,"Kwiatowa 2-12, 62-090 Mrowino, Poland",Mrowino,,,,,,,,,,,
,,,,,,,,,,2023-02-21 18:52:11,,"Szosa Bydgoska 64, 88-180 Złotniki Kujawskie, Poland",Złotniki Kujawskie,,,,,,,,,,,
,,,,,,,,,, ,01:48:47,,,,,,,,,,,,,
,,,,,,,,,,2023-02-22 06:53:10,,"Średnia 5, 88-180 Złotniki Kujawskie, Poland",Złotniki Kujawskie,,,,,,,,,,,
,,,,,,,,,,2023-02-22 07:33:04,,"Karola Szajnochy 14, 85-738 Bydgoszcz, Poland",Bydgoszcz,,,,,,,,,,,
,,,,,,,,,, ,01:56:10,,,,,,,,,,,,,
,,,,,,,,,,2023-02-22 15:47:34,,"Karola Szajnochy 14, 85-738 Bydgoszcz, Poland",Bydgoszcz,,,,,,,,,,,
,,,,,,,,,,2023-02-22 16:35:35,,"Legionów 27a, 87-100 Toruń, Poland",Toruń,,,,,,,,,,,
,,,,,,,,,, ,00:34:53,,,,,,,,,,,,,
,,,,,,,,,,2023-02-22 19:15:41,,"Legionów 33-29, 87-100 Toruń, Poland",Toruń,,,,,,,,,,,
,,,,,,,,,,2023-02-22 19:23:40,,"Sportowa, 87-100 Toruń, Poland",Toruń,,,,,,,,,,,
,,,,,,,,,, ,01:29:09,,,,,,,,,,,,,
,,,,,,,,,,2023-02-23 06:09:33,,"Piaskowa 3, 87-100 Toruń, Poland",Toruń,,,,,,,,,,,
,,,,,,,,,,2023-02-23 06:21:42,,"Włocławska 91, 87-100 Toruń, Poland",Toruń,,,,,,,,,,,
,,,,,,,,,, ,02:42:44,,,,,,,,,,,,,
,,,,,,,,,,2023-02-23 06:24:25,,"Włocławska 91, 87-100 Toruń, Poland",Toruń,,,,,,,,,,,
,,,,,,,,,,2023-02-23 09:01:21,,"Karola Miarki 13e, 41-940 Piekary Śląskie, Poland",Piekary Śląskie,,,,,,,,,,,
,,,,,,,,,, ,01:52:00,,,,,,,,,,,,,
,,,,,,,,,,2023-02-23 09:20:44,,"Karola Miarki 13e, 41-940 Piekary Śląskie, Poland",Piekary Śląskie,,,,,,,,,,,
,,,,,,,,,,2023-02-23 09:44:55,,"Chorzowska 116A, 41-605 Świętochłowice, Poland",Świętochłowice,,,,,,,,,,,
,,,,,,,,,, ,00:39:54,,,,,,,,,,,,,
,,,,,,,,,,2023-02-23 16:12:13,,"Chorzowska 118A, 41-605 Świętochłowice, Poland",Świętochłowice,,,,,,,,,,,
,,,,,,,,,,2023-02-23 16:37:59,,"plac Akademicki 13-1, 41-902 Bytom, Poland",Bytom,,,,,,,,,,,
,,,,,,,,,, ,00:48:01,,,,,,,,,,,,,
,,,,,,,,,,2023-02-23 16:59:19,,"plac Akademicki 13-1, 41-902 Bytom, Poland",Bytom,,,,,,,,,,,
,,,,,,,,,,2023-02-23 17:18:55,,"Grodziecka 2c, 41-250 Czeladź, Poland",Czeladź,,,,,,,,,,,
,,,,,,,,,, ,00:07:59,,,,,,,,,,,,,
,,,,,,,,,,2023-02-23 17:41:11,,"Grodziecka 2c, 41-250 Czeladź, Poland",Czeladź,,,,,,,,,,,
,,,,,,,,,,2023-02-23 18:06:21,,"Franciszka Żwirki 15-16, 41-940 Piekary Śląskie, Poland",Piekary Śląskie,,,,,,,,,,,
,,,,,,,,,, ,00:12:09,,,,,,,,,,,,,
,,,,,,,,,,2023-02-24 06:34:04,,"Franciszka Żwirki 15-16, 41-940 Piekary Śląskie, Poland",Piekary Śląskie,,,,,,,,,,,
,,,,,,,,,,2023-02-24 06:47:34,,"Ostatnia 2, 41-909 Bytom, Poland",Bytom,,,,,,,,,,,
,,,,,,,,,, ,02:36:56,,,,,,,,,,,,,
,,,,,,,,,,2023-02-24 06:55:48,,"Świętochłowicka 19-13, 41-909 Bytom, Poland",Bytom,,,,,,,,,,,
,,,,,,,,,,2023-02-24 07:07:15,,"Chorzowska 118A, 41-605 Świętochłowice, Poland",Świętochłowice,,,,,,,,,,,
,,,,,,,,,, ,00:24:11,,,,,,,,,,,,,
,,,,,,,,,,2023-02-24 15:04:13,,"Chorzowska 116A, 41-605 Świętochłowice, Poland",Świętochłowice,,,,,,,,,,,
,,,,,,,,,,2023-02-24 16:21:40,,"Bielska 89, 43-430 Pogórze, Poland",Pogórze,,,,,,,,,,,
,,,,,,,,,, ,00:25:46,,,,,,,,,,,,,
,,,,,,,,,,2023-02-24 19:06:52,,"Bielska 89, 43-430 Pogórze, Poland",Pogórze,,,,,,,,,,,
,,,,,,,,,,2023-02-24 19:13:15,,"Katowicka, 43-430 Skoczów, Poland",Skoczów,,,,,,,,,,,
,,,,,,,,,, ,00:19:36,,,,,,,,,,,,,
,,,,,,,,,,2023-02-24 19:15:25,,"Katowicka, 43-430 Skoczów, Poland",Skoczów,,,,,,,,,,,
,,,,,,,,,,2023-02-24 19:33:15,,"Wojciecha Korfantego 24-26, 43-400 Cieszyn, Poland",Cieszyn,,,,,,,,,,,
,,,,,,,,,, ,,,,,,,,,,,,,,
,,,,,,,,,,2023-02-24 19:55:52,00:25:10,"Droga bez nazwy, 43-400 Cieszyn, Poland",Cieszyn,,,,,,,,,,,
,,,,,,,,,,2023-02-24 20:13:46,,"Dworcowa 1, 43-430 Pogórze, Poland",Pogórze,,,,,,,,,,,
,,,,,,,,,, ,,,,,,,,,,,,,,
,,,,,,,,,,2023-02-24 20:44:44,00:13:30,"Dworcowa 1, 43-430 Pogórze, Poland",Pogórze,,,,,,,,,,,
,,,,,,,,,,2023-02-24 21:06:45,,"Pokoju 20-22, 43-316 Bielsko-Biała, Poland",Bielsko-Biała,,,,,,,,,,,
,,,,,,,,,, ,,,,,,,,,,,,,,
,,,,,,,,,,2023-02-24 21:09:58,,"Pokoju 20-22, 43-316 Bielsko-Biała, Poland",Bielsko-Biała,,,,,,,,,,,
,,,,,,,,,,2023-02-24 21:28:47,00:11:27,"E462, 43-502 Czechowice-Dziedzice, Poland",Czechowice-Dziedzice,,,,,,,,,,,
,,,,,,,,,, ,,,,,,,,,,,,,,
,,,,,,,,,,2023-02-24 21:44:36,,"E462, 43-502 Czechowice-Dziedzice, Poland",Czechowice-Dziedzice,,,,,,,,,,,
,,,,,,,,,,2023-02-25 00:30:56,01:17:27,"Mąkolice 9, 95-015, Poland",Mąkolice,,,,,,,,,,,
,,,,,,,,,, ,,,,,,,,,,,,,,
,,,,,,,,,,2023-02-25 00:35:45,,"Mąkolice 9, 95-015, Poland",Mąkolice,,,,,,,,,,,
,,,,,,,,,,2023-02-25 01:59:46,00:06:23,"Wola Zamkowa 14-16, 87-100 Toruń, Poland",Toruń,,,,,,,,,,,
,,,,,,,,,, ,,,,,,,,,,,,,,
,,,,,,,,,,2023-02-25 13:57:45,,"Jana Kilińskiego 8, 87-100 Toruń, Poland",Toruń,,,,,,,,,,,
,,,,,,,,,,2023-02-25 14:07:56,00:17:50,"Droga bez nazwy, 87-100 Toruń, Poland",Toruń,,,,,,,,,,,
,,,,,,,,,, ,,,,,,,,,,,,,,
,,,,,,,,,,2023-02-25 16:55:56,,"Droga bez nazwy, 87-100 Toruń, Poland",Toruń,,,,,,,,,,,
,,,,,,,,,,2023-02-25 17:06:22,00:17:54,"Józefa Ignacego Kraszewskiego 30B, 87-100 Toruń, Poland",Toruń,,,,,,,,,,,
,,,,,,,,,, ,,,,,,,,,,,,,,
,,,,,,,,,,2023-02-25 20:29:23,,"Piaskowa 5-3, 87-100 Toruń, Poland",Toruń,,,,,,,,,,,
,,,,,,,,,,2023-02-25 20:40:44,00:22:01,"Toruńska, 87-100, Poland",,,,,,,,,,,,
,,,,,,,,,, ,,,,,,,,,,,,,,
,,,,,,,,,,2023-02-25 20:44:49,,"Toruńska, 87-100, Poland",,,,,,,,,,,,
,,,,,,,,,,2023-02-25 21:17:05,00:18:49,"Karola Szajnochy 14-18, 85-738 Bydgoszcz, Poland",Bydgoszcz,,,,,,,,,,,
,,,,,,,,,, ,,,,,,,,,,,,,,
,,,,,,,,,,2023-02-27 07:49:24,,"Karola Szajnochy 14, 85-738 Bydgoszcz, Poland",Bydgoszcz,,,,,,,,,,,
,,,,,,,,,,2023-02-27 08:10:19,,"Karola Szajnochy 14, 85-738 Bydgoszcz, Poland",Bydgoszcz,,,,,,,,,,,
,,,,,,,,,, ,02:46:20,,,,,,,,,,,,,
,,,,,,,,,,2023-02-27 08:10:25,,"Karola Szajnochy 14, 85-738 Bydgoszcz, Poland",Bydgoszcz,,,,,,,,,,,
,,,,,,,,,,2023-02-27 08:28:49,,"Przemysłowa 34, 85-758 Bydgoszcz, Poland",Bydgoszcz,,,,,,,,,,,
,,,,,,,,,, ,01:24:01,,,,,,,,,,,,,
,,,,,,,,,,2023-02-27 11:05:56,,"Przemysłowa 34, 85-758 Bydgoszcz, Poland",Bydgoszcz,,,,,,,,,,,
,,,,,,,,,,2023-02-27 11:16:02,,"Karola Szajnochy 14, 85-738 Bydgoszcz, Poland",Bydgoszcz,,,,,,,,,,,
,,,,,,,,,, ,00:10:11,,,,,,,,,,,,,
,,,,,,,,,,2023-02-27 11:47:26,,"Karola Szajnochy 14, 85-738 Bydgoszcz, Poland",Bydgoszcz,,,,,,,,,,,
,,,,,,,,,,2023-02-27 12:02:04,,"Przemysłowa 34, 85-758 Bydgoszcz, Poland",Bydgoszcz,,,,,,,,,,,
,,,,,,,,,, ,00:10:26,,,,,,,,,,,,,
,,,,,,,,,,2023-02-27 14:02:28,,"Przemysłowa, 85-758 Bydgoszcz, Poland",Bydgoszcz,,,,,,,,,,,
,,,,,,,,,,2023-02-27 14:10:53,,"Karola Szajnochy 14, 85-738 Bydgoszcz, Poland",Bydgoszcz,,,,,,,,,,,
,,,,,,,,,, ,00:11:21,,,,,,,,,,,,,
,,,,,,,,,,2023-02-27 14:32:55,,"Karola Szajnochy 14-18, 85-738 Bydgoszcz, Poland",Bydgoszcz,,,,,,,,,,,
,,,,,,,,,,2023-02-27 14:42:38,,"Bielska 250, 86-031 Bydgoszcz, Poland",Bydgoszcz,,,,,,,,,,,
,,,,,,,,,, ,00:32:16,,,,,,,,,,,,,
,,,,,,,,,,2023-02-28 07:55:44,,"Aleja Armii Krajowej 250, 86-031 Bydgoszcz, Poland",Bydgoszcz,,,,,,,,,,,
,,,,,,,,,,2023-02-28 08:18:59,,"Karola Szajnochy 14, 85-738 Bydgoszcz, Poland",Bydgoszcz,,,,,,,,,,,
,,,,,,,,,, ,,,,,,,,,,,,,,
,,,,,,,,,,2023-02-28 09:53:57,00:20:55,"Karola Szajnochy 14, 85-738 Bydgoszcz, Poland",Bydgoszcz,,,,,,,,,,,
,,,,,,,,,,2023-02-28 13:51:51,,"Warecka 29, 05-604 Jasieniec, Poland",Jasieniec,,,,,,,,,,,
,,,,,,,,,, ,,,,,,,,,,,,,,
,,,,,,,,,,2023-02-28 14:05:11,00:18:24,"Warecka 29, 05-604 Jasieniec, Poland",Jasieniec,,,,,,,,,,,
,,,,,,,,,,2023-02-28 14:32:49,,"Bielańska 50, 05-660 Warka, Poland",Warka,,,,,,,,,,,
,,,,,,,,,, ,,,,,,,,,,,,,,
,,,,,,,,,,2023-02-28 18:11:57,00:10:06,"Bielańska 48, 05-660 Warka, Poland",Warka,,,,,,,,,,,
,,,,,,,,,,2023-02-28 19:45:27,,"Kopijników 8, 03-274 Warszawa, Poland",Warszawa,,,,,,,,,,,
,,,,,,,,,, ,,,,,,,,,,,,,,
,,,,,,,,,,2023-02-28 20:11:47,00:14:38,"Kopijników 8, 03-274 Warszawa, Poland",Warszawa,,,,,,,,,,,
,,,,,,,,,,2023-02-28 20:35:29,,"Warszawska 49, 05-120 Legionowo, Poland",Legionowo,,,,,,,,,,,
,,,,,,,,,,,,,,,,,,,,,,,,
,,,,,,,,,,,00:08:25,,,,,,,,,,,,,
,,,,,,,,,,,,,,,,,,,,,,,,
,,,,,,,,,,,,,,,,,,,,,,,,
,,,,,,,,,,,00:09:43,,,,,,,,,,,,,
,,,,,,,,,,,,,,,,,,,,,,,,
,,,,,,,,,,,,,,,,,,,,,,,,
,,,,,,,,,,,00:23:15,,,,,,,,,,,,,
,,,,,,,,,,,,,,,,,,,,,,,,
,,,,,,,,,,,,,,,,,,,,,,,,
,,,,,,,,,,,03:57:54,,,,,,,,,,,,,
,,,,,,,,,,,,,,,,,,,,,,,,
,,,,,,,,,,,,,,,,,,,,,,,,
,,,,,,,,,,,00:27:38,,,,,,,,,,,,,
,,,,,,,,,,,,,,,,,,,,,,,,
,,,,,,,,,,,,,,,,,,,,,,,,
,,,,,,,,,,,,,,,,,,,,,,,,
,,,,,,,,,,,01:33:30,,,,,,,,,,,,,
,,,,,,,,,,,,,,,,,,,,,,,,
,,,,,,,,,,,,,,,,,,,,,,,,
,,,,,,,,,,,00:23:42,,,,,,,,,,,,,
