PP4502N,,,,,CB 386NE,,,,,CB 143NJ,,,,,CB 598NJ,,,,,CB 529NR,,,,,EKU 13900 ,,,,,GD 4H453 ,,,,
 ,,,,, ,,,,, ,,,,, ,,,,, ,,,,, ,,,,, ,,,,
2023-04-27 18:29:18,00:05:14,"Aleja Armii Krajowej 250, 86-031 Bydgoszcz, Poland",Bydgoszcz,,2023-04-03 10:42:05,,"Karola Szajnochy 14, 85-738 Bydgoszcz, Poland",Bydgoszcz,,2023-04-03 08:18:27,,"Karola Szajnochy 14, 85-738 Bydgoszcz, Poland",Bydgoszcz,,2023-04-03 07:10:59,,"Stanisława Leszczyńskiego 61, 85-137 Bydgoszcz, Poland",Bydgoszcz,,2023-04-03 08:12:18,,"Karola Szajnochy 14-18, 85-738 Bydgoszcz, Poland",Bydgoszcz,,2023-04-21 08:53:18,,"Karola Szajnochy 14-18, 85-738 Bydgoszcz, Poland",Bydgoszcz,,2023-04-25 14:24:49,,"Karola Szajnochy 14-18, 85-738 Bydgoszcz, Poland",Bydgoszcz,
2023-04-27 18:34:32,,"Blacharska 14, 86-031 Osielsko, Poland",Osielsko,,2023-04-03 11:12:00,00:29:55,"Przemysłowa, 85-758 Bydgoszcz, Poland",Bydgoszcz,,2023-04-03 09:20:44,01:02:17,"Pałucka 2, 62-200 Gniezno, Poland",Gniezno,,2023-04-03 07:30:21,00:19:22,"Karola Szajnochy 14A, 85-738 Bydgoszcz, Poland",Bydgoszcz,,2023-04-03 08:31:32,00:19:14,"Karola Szajnochy 14A, 85-738 Bydgoszcz, Poland",Bydgoszcz,,2023-04-21 08:59:24,,"Karola Szajnochy 13, 85-738 Bydgoszcz, Poland",Bydgoszcz,,2023-04-25 14:52:58,00:28:09,"Braci Bażańskich 2-4, 85-790 Bydgoszcz, Poland",Bydgoszcz,
 ,00:07:34,,,, ,,,,, ,,,,, ,,,,, ,,,,, ,00:06:06,,,, ,,,,
2023-04-27 18:37:02,,"Blacharska 14, 86-031 Osielsko, Poland",Osielsko,,2023-04-03 12:07:21,,"Przemysłowa 34, 85-758 Bydgoszcz, Poland",Bydgoszcz,,2023-04-03 09:46:59,,"Gdańska 119, 62-200 Gniezno, Poland",Gniezno,,2023-04-03 08:32:37,,"Karola Szajnochy 14b, 85-738 Bydgoszcz, Poland",Bydgoszcz,,2023-04-04 05:44:17,,"Karola Szajnochy 14, 85-738 Bydgoszcz, Poland",Bydgoszcz,,2023-04-25 07:44:43,,"Karola Szajnochy 14-18, 85-738 Bydgoszcz, Poland",Bydgoszcz,,2023-04-25 15:06:37,,"Braci Bażańskich 2-4, 85-790 Bydgoszcz, Poland",Bydgoszcz,
2023-04-27 18:44:36,00:07:02,"Tyska 2, 86-031 Niwy, Poland",Niwy,,2023-04-03 12:16:40,00:09:19,"Karola Szajnochy 14A, 85-738 Bydgoszcz, Poland",Bydgoszcz,,2023-04-03 11:05:42,01:18:43,"Aleje Marszałka Józefa Piłsudskiego 6, 64-100 Leszno, Poland",Leszno,,2023-04-03 08:53:36,00:20:59,"Szosa Gdańska 83, 86-031 Osielsko, Poland",Osielsko,,2023-04-04 05:54:48,00:10:31,"Fabryczna 21, 85-741 Bydgoszcz, Poland",Bydgoszcz,,2023-04-25 07:57:43,,"Przemysłowa, 85-758 Bydgoszcz, Poland",Bydgoszcz,,2023-04-25 15:26:56,00:20:19,"Karola Szajnochy 13, 85-738 Bydgoszcz, Poland",Bydgoszcz,
 ,,,,, ,,,,, ,,,,, ,,,,, ,,,,, ,00:13:00,,,, ,,,,
2023-04-27 19:01:42,,"Tyska 2, 86-031 Niwy, Poland",Niwy,,2023-04-04 08:37:21,,"Karola Szajnochy 14, 85-738 Bydgoszcz, Poland",Bydgoszcz,,2023-04-03 11:08:49,,"Aleje Marszałka Józefa Piłsudskiego 6, 64-100 Leszno, Poland",Leszno,,2023-04-03 08:59:09,,"Szosa Gdańska 83, 86-031 Osielsko, Poland",Osielsko,,2023-04-04 05:56:54,,"Fabryczna 21, 85-741 Bydgoszcz, Poland",Bydgoszcz,,2023-04-25 11:15:34,,"Przemysłowa, 85-758 Bydgoszcz, Poland",Bydgoszcz,,2023-04-26 12:38:11,,"Karola Szajnochy 14A, 85-738 Bydgoszcz, Poland",Bydgoszcz,
2023-04-27 19:08:44,,"Aleja Armii Krajowej 250, 86-031 Bydgoszcz, Poland",Bydgoszcz,,2023-04-04 08:46:15,00:08:54,"Przemysłowa, 85-758 Bydgoszcz, Poland",Bydgoszcz,,2023-04-03 12:56:12,01:47:23,"Mokrzeszów 33, 58-160, Poland",Mokrzeszów,,2023-04-03 09:55:27,00:56:18,"Droga bez nazwy, 83-250, Poland",,,2023-04-04 06:46:56,00:50:02,"Droga bez nazwy, 89-200 Dąbrówka Słupska, Poland",Dąbrówka Słupska,,2023-04-25 11:26:51,,"Karola Szajnochy 14-18, 85-738 Bydgoszcz, Poland",Bydgoszcz,,2023-04-26 13:01:47,00:23:36,"Józefa Ignacego Kraszewskiego 2-20, 85-240 Bydgoszcz, Poland",Bydgoszcz,
,,,,, ,,,,, ,,,,, ,,,,, ,,,,, ,00:11:17,,,,,,,,
,,,,,2023-04-04 10:59:37,,"Przemysłowa 34, 85-758 Bydgoszcz, Poland",Bydgoszcz,,2023-04-03 15:09:46,,"Mokrzeszów 33, 58-160, Poland",Mokrzeszów,,2023-04-03 09:55:29,,"Droga bez nazwy, 83-250, Poland",,,2023-04-04 09:46:08,,"Droga bez nazwy, 89-200 Dąbrówka Słupska, Poland",Dąbrówka Słupska,,2023-04-25 12:08:00,,"Karola Szajnochy 14-18, 85-738 Bydgoszcz, Poland",Bydgoszcz,,,,,,
,,,,,2023-04-04 11:10:15,00:10:38,"Karola Szajnochy 13, 85-738 Bydgoszcz, Poland",Bydgoszcz,,2023-04-03 15:33:10,00:23:24,"Kłodzka 81, 58-330 Jedlina-Zdrój, Poland",Jedlina-Zdrój,,2023-04-03 11:15:52,01:20:23,"10 Lutego 44, 84-100 Puck, Poland",Puck,,2023-04-04 11:22:54,01:36:46,"Karola Szajnochy 14-18, 85-738 Bydgoszcz, Poland",Bydgoszcz,,2023-04-25 12:21:16,,"Przemysłowa 34, 85-758 Bydgoszcz, Poland",Bydgoszcz,,,,,,
,,,,, ,,,,, ,,,,, ,,,,, ,,,,, ,00:13:16,,,,,,,,
,,,,,2023-04-04 12:12:22,,"Karola Szajnochy 13, 85-738 Bydgoszcz, Poland",Bydgoszcz,,2023-04-03 16:07:54,,"Kłodzka 81, 58-330 Jedlina-Zdrój, Poland",Jedlina-Zdrój,,2023-04-03 12:09:32,,"10 Lutego 44, 84-100 Puck, Poland",Puck,,2023-04-04 15:31:19,,"Karola Szajnochy 14b, 85-738 Bydgoszcz, Poland",Bydgoszcz,,2023-04-25 14:28:20,,"Przemysłowa 34, 85-758 Bydgoszcz, Poland",Bydgoszcz,,,,,,
,,,,,2023-04-04 12:56:20,00:43:58,"Karola Szajnochy 14, 85-738 Bydgoszcz, Poland",Bydgoszcz,,2023-04-03 16:24:42,00:16:48,"Droga bez nazwy, 58-300 Wałbrzych, Poland",Wałbrzych,,2023-04-03 14:17:11,02:07:39,"Sławieńska 1a, 77-233 Suchorze, Poland",Suchorze,,2023-04-04 15:56:51,00:25:32,"Mazowiecka 21, 85-084 Bydgoszcz, Poland",Bydgoszcz,,2023-04-25 14:38:45,,"Karola Szajnochy 13, 85-738 Bydgoszcz, Poland",Bydgoszcz,,,,,,
,,,,, ,,,,, ,,,,, ,,,,, ,,,,, ,00:10:25,,,,,,,,
,,,,,2023-04-06 07:42:01,,"Karola Szajnochy 14, 85-738 Bydgoszcz, Poland",Bydgoszcz,,2023-04-03 19:35:02,,"Droga bez nazwy, 58-300 Wałbrzych, Poland",Wałbrzych,,2023-04-03 14:21:35,,"Sławieńska 1a, 77-233 Suchorze, Poland",Suchorze,,2023-04-05 04:00:44,,"Mazowiecka 21, 85-084 Bydgoszcz, Poland",Bydgoszcz,,2023-04-26 07:55:05,,"Karola Szajnochy 13, 85-738 Bydgoszcz, Poland",Bydgoszcz,,,,,,
,,,,,2023-04-06 07:58:39,,"Karola Szajnochy 14, 85-738 Bydgoszcz, Poland",Bydgoszcz,,2023-04-03 20:22:57,,"Sady Dolne 7, 59-420, Poland",Sady Dolne,,2023-04-03 15:34:52,01:13:17,"Marcelin 29D, 78-422, Poland",Marcelin,,2023-04-05 05:12:21,01:11:37,"E75, 87-700, Poland",,,2023-04-26 08:05:46,,"Przemysłowa 34, 85-758 Bydgoszcz, Poland",Bydgoszcz,,,,,,
,,,,, ,00:16:38,,,, ,00:47:55,,,, ,,,,, ,,,,, ,00:10:41,,,,,,,,
,,,,,2023-04-06 08:20:18,,"Karola Szajnochy 14, 85-738 Bydgoszcz, Poland",Bydgoszcz,,2023-04-04 07:35:28,,"Sady Dolne 7, 59-420, Poland",Sady Dolne,,2023-04-03 19:28:23,,"Marcelin 29D, 78-422, Poland",Marcelin,,2023-04-05 05:18:57,,"E75, 87-700, Poland",,,2023-04-26 11:31:48,,"Przemysłowa 34, 85-758 Bydgoszcz, Poland",Bydgoszcz,,,,,,
,,,,,2023-04-06 08:30:24,,"Przemysłowa, 85-758 Bydgoszcz, Poland",Bydgoszcz,,2023-04-04 08:03:10,,"Międzyrzecze 18, 58-150, Poland",Międzyrzecze,,2023-04-03 21:45:42,,"Łomżyńska 51, 85-863 Bydgoszcz, Poland",Bydgoszcz,,2023-04-05 06:13:54,00:54:57,"Krzyżanówek 9B, 99-314, Poland",Krzyżanówek,,2023-04-26 11:43:57,,"Karola Szajnochy 14-18, 85-738 Bydgoszcz, Poland",Bydgoszcz,,,,,,
,,,,, ,00:10:06,,,, ,,,,, ,02:17:19,,,, ,,,,, ,,,,,,,,,
,,,,,2023-04-06 13:46:58,,"Przemysłowa, 85-758 Bydgoszcz, Poland",Bydgoszcz,,2023-04-04 13:09:28,00:27:42,"Międzyrzecze 18, 58-150, Poland",Międzyrzecze,,2023-04-03 21:50:28,,"Łomżyńska 49-47, 85-863 Bydgoszcz, Poland",Bydgoszcz,,2023-04-05 06:16:03,,"Krzyżanówek 9B, 99-314, Poland",Krzyżanówek,,2023-04-26 12:39:08,00:12:09,"Karola Szajnochy 14, 85-738 Bydgoszcz, Poland",Bydgoszcz,,,,,,
,,,,,2023-04-06 13:55:14,,"Inwalidów 51C, 85-749 Bydgoszcz, Poland",Bydgoszcz,,2023-04-04 13:29:50,,"Mokrzeszów 33, 58-160, Poland",Mokrzeszów,,2023-04-03 22:00:55,,"Stanisława Leszczyńskiego 61, 85-137 Bydgoszcz, Poland",Bydgoszcz,,2023-04-05 06:54:25,00:38:22,"Droga bez nazwy, 99-311, Poland",,,2023-04-26 12:56:59,,"Józefa Ignacego Kraszewskiego 18, 85-240 Bydgoszcz, Poland",Bydgoszcz,,,,,,
,,,,, ,,,,, ,,,,, ,00:10:27,,,, ,,,,,,,,,,,,,,
,,,,,2023-04-06 14:07:16,00:08:16,"Inwalidów 51C, 85-749 Bydgoszcz, Poland",Bydgoszcz,,2023-04-04 13:43:54,00:20:22,"Mokrzeszów 33, 58-160, Poland",Mokrzeszów,,2023-04-04 06:29:34,,"Stanisława Leszczyńskiego 61, 85-137 Bydgoszcz, Poland",Bydgoszcz,,2023-04-05 06:58:05,,"Droga bez nazwy, 99-311, Poland",,,,00:17:51,,,,,,,,
,,,,,2023-04-06 14:18:28,,"Karola Szajnochy 14, 85-738 Bydgoszcz, Poland",Bydgoszcz,,2023-04-04 15:43:44,,"Mikołaja Kopernika 13-3, 56-300 Milicz, Poland",Milicz,,2023-04-04 09:00:28,,"Kolejowa 5, 64-550 Duszniki, Poland",Duszniki,,2023-04-05 09:04:13,02:06:08,"Guzówka 28, 21-450, Poland",Guzówka,,,,,,,,,,,
,,,,, ,,,,, ,,,,, ,02:30:54,,,, ,,,,,,,,,,,,,,
,,,,,2023-04-07 07:45:52,00:11:12,"Karola Szajnochy 14, 85-738 Bydgoszcz, Poland",Bydgoszcz,,2023-04-04 16:30:13,01:59:50,"Mikołaja Kopernika 13-3, 56-300 Milicz, Poland",Milicz,,2023-04-04 14:25:12,,"Kolejowa 5, 64-550 Duszniki, Poland",Duszniki,,2023-04-05 13:35:19,,"Guzówka 28, 21-450, Poland",Guzówka,,,,,,,,,,,
,,,,,2023-04-07 08:08:04,,"Karola Szajnochy 14, 85-738 Bydgoszcz, Poland",Bydgoszcz,,2023-04-04 17:01:39,,"Zdunowska 56, 63-700 Krotoszyn, Poland",Krotoszyn,,2023-04-04 14:35:11,,"Lipowa 10, 64-541 Sękowo, Poland",Sękowo,,2023-04-05 13:54:39,,"Akacjowa, 21-450 Stoczek Łukowski, Poland",Stoczek Łukowski,,,,,,,,,,,
,,,,, ,,,,, ,,,,, ,00:09:59,,,, ,00:19:20,,,,,,,,,,,,,
,,,,,2023-04-07 12:02:42,00:22:12,"Karola Szajnochy 14, 85-738 Bydgoszcz, Poland",Bydgoszcz,,2023-04-04 17:11:12,00:31:26,"Zdunowska 56 A, 63-700 Krotoszyn, Poland",Krotoszyn,,2023-04-04 14:57:45,,"Lipowa 10, 64-541 Sękowo, Poland",Sękowo,,2023-04-05 13:58:19,,"Akacjowa, 21-450 Stoczek Łukowski, Poland",Stoczek Łukowski,,,,,,,,,,,
,,,,,2023-04-07 12:17:51,,"Przemysłowa 34, 85-758 Bydgoszcz, Poland",Bydgoszcz,,2023-04-04 17:40:08,,"Droga bez nazwy, 63-708 Grębów, Poland",Grębów,,2023-04-04 15:42:01,,"Bukowska 3-1, 62-060 Stęszew, Poland",Stęszew,,2023-04-05 15:44:31,,"Promyka 7, 05-830 Urzut, Poland",Urzut,,,,,,,,,,,
,,,,, ,,,,, ,,,,, ,00:44:16,,,, ,,,,,,,,,,,,,,
,,,,,2023-04-07 12:55:34,00:15:09,"Przemysłowa 34, 85-758 Bydgoszcz, Poland",Bydgoszcz,,2023-04-04 17:42:37,00:28:56,"Droga bez nazwy, 63-708 Grębów, Poland",Grębów,,2023-04-04 15:50:02,,"Bukowska 3-1, 62-060 Stęszew, Poland",Stęszew,,2023-04-05 16:13:53,01:46:12,"Promyka 7, 05-830 Urzut, Poland",Urzut,,,,,,,,,,,
,,,,,2023-04-07 13:06:26,,"Karola Szajnochy 14, 85-738 Bydgoszcz, Poland",Bydgoszcz,,2023-04-04 17:49:09,,"Stary Rynek 22, 63-720 Koźmin Wielkopolski, Poland",Koźmin Wielkopolski,,2023-04-04 16:39:24,,"E261, 64-130, Poland",,,2023-04-05 18:40:07,,"9PCV+X7, Wieszowa, Poland",Wieszowa,,,,,,,,,,,
,,,,, ,,,,, ,,,,, ,,,,, ,,,,,,,,,,,,,,
,,,,,2023-04-11 07:24:53,00:10:52,"Karola Szajnochy 14, 85-738 Bydgoszcz, Poland",Bydgoszcz,,2023-04-04 17:52:13,00:06:32,"Stary Rynek 22, 63-720 Koźmin Wielkopolski, Poland",Koźmin Wielkopolski,,2023-04-04 16:44:50,00:49:22,"E261, 64-130, Poland",,,2023-04-05 18:47:01,02:26:14,"9PCV+X7, Wieszowa, Poland",Wieszowa,,,,,,,,,,,
,,,,,2023-04-11 07:47:07,,"Karola Szajnochy 14, 85-738 Bydgoszcz, Poland",Bydgoszcz,,2023-04-04 17:58:26,,"Droga bez nazwy, 63-720, Poland",,,2023-04-04 20:49:09,,"Przedbronie 6-4, 32-410 Dobczyce, Poland",Dobczyce,,2023-04-05 19:41:08,,"Nad Jeziorem 12, 43-243 Wisła Mała, Poland",Wisła Mała,,,,,,,,,,,
,,,,, ,,,,, ,,,,, ,,,,, ,,,,,,,,,,,,,,
,,,,,2023-04-12 06:15:44,,"Karola Szajnochy 14, 85-738 Bydgoszcz, Poland",Bydgoszcz,,2023-04-05 07:42:00,00:06:13,"Droga bez nazwy, 63-720, Poland",,,2023-04-05 08:19:38,04:04:19,"Przedbronie 3, 32-410 Dobczyce, Poland",Dobczyce,,2023-04-06 06:16:27,00:54:07,"Nad Jeziorem 12, 43-243 Wisła Mała, Poland",Wisła Mała,,,,,,,,,,,
,,,,,2023-04-12 07:51:02,00:22:14,"E261, 63-004 Tulce, Poland",Tulce,,2023-04-05 08:05:37,,"Bułaków 48, 63-860, Poland",Bułaków,,2023-04-05 08:41:27,,"Zawada 126A, 32-445, Poland",Zawada,,2023-04-06 06:40:01,,"Towarowa, 43-520 Chybie, Poland",Chybie,,,,,,,,,,,
,,,,, ,,,,, ,,,,, ,,,,, ,,,,,,,,,,,,,,
,,,,,2023-04-12 08:00:22,,"E261, 63-004 Tulce, Poland",Tulce,,2023-04-05 10:11:57,00:23:37,"Bułaków 48, 63-860, Poland",Bułaków,,2023-04-05 14:29:16,00:21:49,"Zawada 126A, 32-445, Poland",Zawada,,2023-04-06 13:18:40,00:23:34,"Cieszyńska 1A, 43-520 Mnich, Poland",Mnich,,,,,,,,,,,
,,,,,2023-04-12 08:36:35,,"plac Parkowy 7, 62-060 Jeziorki, Poland",Jeziorki,,2023-04-05 11:08:20,,"Droga bez nazwy, 63-460, Poland",,,2023-04-05 16:43:20,,"E77, 28-300, Poland",,,2023-04-06 13:43:02,,"Katowicka 15, 43-251 Pawłowice, Poland",Pawłowice,,,,,,,,,,,
,,,,, ,01:35:18,,,, ,,,,, ,,,,, ,,,,,,,,,,,,,,
,,,,,2023-04-12 17:06:04,,"plac Parkowy 7, 62-060 Jeziorki, Poland",Jeziorki,,2023-04-05 12:56:04,00:56:23,"Droga bez nazwy, 63-460, Poland",,,2023-04-05 16:45:07,02:14:04,"E77, 28-300, Poland",,,2023-04-06 14:30:28,00:24:22,"Katowicka 15, 43-251 Pawłowice, Poland",Pawłowice,,,,,,,,,,,
,,,,,2023-04-12 18:42:03,,"DK15 3, 55-100 Trzebnica, Poland",Trzebnica,,2023-04-05 13:53:55,,"Wrzesińska 62, 62-310 Pyzdry, Poland",Pyzdry,,2023-04-05 18:15:18,,"S7, 05-600 Grójec, Poland",Grójec,,2023-04-06 15:52:02,,"A1, Poland",,,,,,,,,,,,
,,,,, ,00:36:13,,,, ,,,,, ,,,,, ,,,,,,,,,,,,,,
,,,,,2023-04-13 08:37:33,,"Nowy Dwór 2, 55-100 Trzebnica, Poland",Trzebnica,,2023-04-05 13:56:28,00:57:51,"Wrzesińska 62, 62-310 Pyzdry, Poland",Pyzdry,,2023-04-05 18:20:35,01:30:11,"S7, 05-600 Grójec, Poland",Grójec,,2023-04-06 15:55:39,,"A1, Poland",,,,,,,,,,,,
,,,,,2023-04-13 09:01:50,,"Borzęcin 40, 55-140, Poland",Borzęcin,,2023-04-05 15:57:34,,"Karola Szajnochy 14, 85-738 Bydgoszcz, Poland",Bydgoszcz,,2023-04-05 18:53:09,,"Aleja Krakowska 135, 05-090 Sękocin Stary, Poland",Sękocin Stary,,2023-04-06 18:25:42,01:21:34,"E67, 55-095, Poland",,,,,,,,,,,,
,,,,, ,01:35:59,,,, ,,,,, ,,,,, ,,,,,,,,,,,,,,
,,,,,2023-04-13 12:08:28,,"Borzęcin 40, 55-140, Poland",Borzęcin,,2023-04-05 16:38:01,02:01:06,"Szajnochy 10, 85-738 Bydgoszcz, Poland",Bydgoszcz,,2023-04-05 19:17:00,00:32:34,"Aleja Krakowska 135, 05-090 Sękocin Stary, Poland",Sękocin Stary,,2023-04-06 18:32:01,,"E67, 55-095, Poland",,,,,,,,,,,,
,,,,,2023-04-13 14:54:31,,"Wrocławska 14, 62-300 Września, Poland",Września,,2023-04-05 17:27:49,,"Legionów 27-25, 87-100 Toruń, Poland",Toruń,,2023-04-05 20:41:18,,"Zambrowska 43, 07-300 Podborze, Poland",Podborze,,2023-04-06 20:22:42,02:30:03,"Przemyska 37, 61-324 Poznań, Poland",Poznań,,,,,,,,,,,
,,,,, ,00:24:17,,,, ,,,,, ,,,,, ,,,,,,,,,,,,,,
,,,,,2023-04-13 14:56:59,,"Wrocławska 14, 62-300 Września, Poland",Września,,2023-04-05 17:37:45,00:49:48,"Legionów 27-25, 87-100 Toruń, Poland",Toruń,,2023-04-06 07:54:20,,"Zambrowska 43, 07-300 Podborze, Poland",Podborze,,2023-04-06 22:51:47,,"Przemyska 37, 61-324 Poznań, Poland",Poznań,,,,,,,,,,,
,,,,,2023-04-13 15:04:40,,"Gwarna 2-14, 62-302 Psary Małe, Poland",Psary Małe,,2023-04-05 17:46:57,,"Generała Augusta Emila Fieldorfa ""Nila"" 15-9, 87-100 Toruń, Poland",Toruń,,2023-04-06 08:02:15,01:24:18,"Stanisława Dubois 33-27, 07-300 Ostrów Mazowiecka, Poland",Ostrów Mazowiecka,,2023-04-07 00:38:11,01:50:41,"Karola Szajnochy 14-18, 85-738 Bydgoszcz, Poland",Bydgoszcz,,,,,,,,,,,
,,,,, ,02:46:03,,,, ,,,,, ,,,,, ,,,,,,,,,,,,,,
,,,,,2023-04-13 20:40:20,,"Gwarna 2-14, 62-302 Psary Małe, Poland",Psary Małe,,2023-04-05 17:50:54,00:09:12,"Generała Augusta Emila Fieldorfa ""Nila"" 15-9, 87-100 Toruń, Poland",Toruń,,2023-04-06 08:10:58,,"Onufrego Zagłoby 7, 07-300 Ostrów Mazowiecka, Poland",Ostrów Mazowiecka,,2023-04-11 07:21:50,,"Karola Szajnochy 14-18, 85-738 Bydgoszcz, Poland",Bydgoszcz,,,,,,,,,,,
,,,,,2023-04-13 20:54:06,,"Kwiatowa 1, 62-330 Zasutowo, Poland",Zasutowo,,2023-04-05 22:27:43,,"Lawendowa, 32-010, Poland",,,2023-04-06 08:22:13,00:07:55,"Nieskórz 15, 07-304, Poland",Nieskórz,,2023-04-11 07:26:55,,"Karola Szajnochy 14b, 85-738 Bydgoszcz, Poland",Bydgoszcz,,,,,,,,,,,
,,,,, ,00:07:41,,,, ,,,,, ,,,,, ,01:46:24,,,,,,,,,,,,,
,,,,,2023-04-14 07:42:10,,"DK92, 62-330 Zasutowo, Poland",Zasutowo,,2023-04-05 22:42:16,04:36:49,"Kocmyrzów 188a, 32-010, Poland",Kocmyrzów,,2023-04-06 19:39:01,,"Nieskórz 15, 07-304, Poland",Nieskórz,,2023-04-12 02:40:40,,"Karola Szajnochy 14-18, 85-738 Bydgoszcz, Poland",Bydgoszcz,,,,,,,,,,,
,,,,,2023-04-14 07:52:59,,"Józefa Piłsudskiego, 62-302 Września, Poland",Września,,2023-04-05 23:14:49,,"Alberta Schweitzera, 30-695 Kraków, Poland",Kraków,,2023-04-06 19:54:40,00:11:15,"Onufrego Zagłoby 7, 07-300 Ostrów Mazowiecka, Poland",Ostrów Mazowiecka,,2023-04-12 03:45:15,,"Wyrzyska 103, 89-110 Sadki, Poland",Sadki,,,,,,,,,,,
,,,,, ,,,,, ,,,,, ,,,,, ,00:05:05,,,,,,,,,,,,,
,,,,,2023-04-14 07:55:54,00:13:46,"Józefa Piłsudskiego, 62-302 Września, Poland",Września,,2023-04-05 23:15:23,00:32:33,"Alberta Schweitzera, 30-695 Kraków, Poland",Kraków,,2023-04-06 20:05:26,,"Onufrego Zagłoby 7, 07-300 Ostrów Mazowiecka, Poland",Ostrów Mazowiecka,,2023-04-12 03:48:17,,"Wyrzyska 103, 89-110 Sadki, Poland",Sadki,,,,,,,,,,,
,,,,,2023-04-14 08:15:33,,"Gwarna 2-14, 62-302 Psary Małe, Poland",Psary Małe,,2023-04-05 23:21:14,,"Rafała Czerwiakowskiego 1, 30-695 Kraków, Poland",Kraków,,2023-04-06 20:12:46,00:15:39,"Zambrowska 43, 07-300 Podborze, Poland",Podborze,,2023-04-12 04:39:19,,"DK10 64, 64-930 Nowa Łubianka, Poland",Nowa Łubianka,,,,,,,,,,,
,,,,, ,,,,, ,,,,, ,,,,, ,01:04:35,,,,,,,,,,,,,
,,,,,2023-04-14 19:59:14,00:10:49,"Gwarna 2-14, 62-302 Psary Małe, Poland",Psary Małe,,2023-04-06 07:37:04,00:05:51,"Rafała Czerwiakowskiego, 30-695 Kraków, Poland",Kraków,,2023-04-07 07:55:58,,"Zambrowska 43, 07-300 Podborze, Poland",Podborze,,2023-04-12 04:43:41,,"DK10 64, 64-930 Nowa Łubianka, Poland",Nowa Łubianka,,,,,,,,,,,
,,,,,2023-04-14 20:28:04,,"E261, 62-260, Poland",,,2023-04-06 07:55:53,,"Sołtysowska 27, 31-589 Kraków, Poland",Kraków,,2023-04-07 08:04:24,00:07:20,"Onufrego Zagłoby 7, 07-300 Ostrów Mazowiecka, Poland",Ostrów Mazowiecka,,2023-04-12 05:53:00,,"Podgórna 2, 73-210 Recz, Poland",Recz,,,,,,,,,,,
,,,,, ,,,,, ,,,,, ,,,,, ,00:51:02,,,,,,,,,,,,,
,,,,,2023-04-14 20:49:44,,"MOP Łubowo, Łubowo 165, 62-260, Poland",Łubowo,,2023-04-06 07:58:27,00:18:49,"Sołtysowska 27, 31-589 Kraków, Poland",Kraków,,2023-04-07 08:11:56,,"Onufrego Zagłoby 7, 07-300 Ostrów Mazowiecka, Poland",Ostrów Mazowiecka,,2023-04-12 06:09:57,,"Podgórna 2, 73-210 Recz, Poland",Recz,,,,,,,,,,,
,,,,,2023-04-14 21:59:20,00:19:39,"Karola Szajnochy 14-18, 85-738 Bydgoszcz, Poland",Bydgoszcz,,2023-04-06 08:23:48,,"Na Załęczu 1, 31-587 Kraków, Poland",Kraków,,2023-04-07 08:24:08,00:08:26,"Nieskórz 15, 07-304, Poland",Nieskórz,,2023-04-12 06:54:22,,"Droga bez nazwy, 73-110 Stargard, Poland",Stargard,,,,,,,,,,,
,,,,, ,,,,, ,,,,, ,,,,, ,01:09:19,,,,,,,,,,,,,
,,,,,2023-04-17 09:13:20,,"Karola Szajnochy 14, 85-738 Bydgoszcz, Poland",Bydgoszcz,,2023-04-06 08:24:53,00:25:21,"Na Załęczu 1, 31-587 Kraków, Poland",Kraków,,2023-04-07 15:26:34,,"Nieskórz 15, 07-304, Poland",Nieskórz,,2023-04-12 10:07:46,,"Droga bez nazwy, 73-110 Stargard, Poland",Stargard,,,,,,,,,,,
,,,,,2023-04-17 09:25:35,00:28:50,"Karola Szajnochy 14, 85-738 Bydgoszcz, Poland",Bydgoszcz,,2023-04-06 08:37:44,,"Władysława Siwka 29-27, 31-588 Kraków, Poland",Kraków,,2023-04-07 18:54:19,00:12:12,"A1, 87-732, Poland",,,2023-04-12 10:30:18,,"DK10, 73-132, Poland",,,,,,,,,,,,
,,,,, ,,,,, ,,,,, ,,,,, ,00:44:25,,,,,,,,,,,,,
,,,,,2023-04-17 09:54:22,,"Karola Szajnochy 14-18, 85-738 Bydgoszcz, Poland",Bydgoszcz,,2023-04-06 12:40:00,,"Na Załęczu 1, 31-587 Kraków, Poland",Kraków,,2023-04-07 18:57:17,,"A1, 87-732, Poland",,,2023-04-12 10:51:50,,"DK10, 73-132, Poland",,,,,,,,,,,,
,,,,,2023-04-17 12:38:17,01:09:36,"plac Parkowy 7, 62-060 Jeziorki, Poland",Jeziorki,,2023-04-06 13:25:54,00:12:51,"Worcella 6, 31-154 Kraków, Poland",Kraków,,2023-04-07 19:56:52,03:27:45,"Łomżyńska 47, 85-863 Bydgoszcz, Poland",Bydgoszcz,,2023-04-12 14:06:06,,"Karola Szajnochy 14, 85-738 Bydgoszcz, Poland",Bydgoszcz,,,,,,,,,,,
,,,,, ,,,,, ,,,,, ,,,,, ,00:22:32,,,,,,,,,,,,,
,,,,,2023-04-17 14:05:57,,"plac Parkowy 7, 62-060 Jeziorki, Poland",Jeziorki,,2023-04-06 13:35:42,,"Worcella 6, 31-154 Kraków, Poland",Kraków,,2023-04-07 20:12:58,,"Łomżyńska 47, 85-863 Bydgoszcz, Poland",Bydgoszcz,,2023-04-13 03:51:30,,"Karola Szajnochy 14, 85-738 Bydgoszcz, Poland",Bydgoszcz,,,,,,,,,,,
,,,,,2023-04-17 15:45:49,,"Waszkiewicza 69, 66-300 Międzyrzecz, Poland",Międzyrzecz,,2023-04-06 14:00:05,00:45:54,"Na Załęczu 1, 31-587 Kraków, Poland",Kraków,,2023-04-07 20:28:20,00:59:35,"Stanisława Leszczyńskiego 61A, 85-137 Bydgoszcz, Poland",Bydgoszcz,,2023-04-13 06:45:38,,"Stanisława Żółkiewskiego 3, 63-400 Ostrów Wielkopolski, Poland",Ostrów Wielkopolski,,,,,,,,,,,
,,,,, ,00:12:15,,,, ,,,,, ,,,,, ,03:14:16,,,,,,,,,,,,,
,,,,,2023-04-17 15:52:58,,"Waszkiewicza 69, 66-300 Międzyrzecz, Poland",Międzyrzecz,,2023-04-06 14:57:06,,"Na Załęczu 1, 31-587 Kraków, Poland",Kraków,,2023-04-11 03:59:28,,"Stanisława Leszczyńskiego 61, 85-137 Bydgoszcz, Poland",Bydgoszcz,,2023-04-13 14:56:00,,"Stanisława Żółkiewskiego 3, 63-400 Ostrów Wielkopolski, Poland",Ostrów Wielkopolski,,,,,,,,,,,
,,,,,2023-04-17 16:51:55,,"Więcław 18E, DW130, 74-400, Poland",,,2023-04-06 16:31:50,00:24:23,"Szosa Olkuska 11, 32-340 Wolbrom, Poland",Wolbrom,,2023-04-11 05:02:06,00:15:22,"E75, 87-880, Poland",,,2023-04-13 15:44:24,,"Poznańska 46B, 63-220 Kotlin, Poland",Kotlin,,,,,,,,,,,
,,,,, ,02:43:55,,,, ,,,,, ,,,,, ,02:54:08,,,,,,,,,,,,,
,,,,,2023-04-17 17:30:10,,"Więcław 18E, DW130, 74-400, Poland",,,2023-04-06 16:35:12,,"Szosa Olkuska 11, 32-340 Wolbrom, Poland",Wolbrom,,2023-04-11 05:11:19,,"Księdza Romana Jałocho 40, 87-880 Wieniec, Poland",Wieniec,,2023-04-13 16:00:28,,"Poznańska 46B, 63-220 Kotlin, Poland",Kotlin,,,,,,,,,,,
,,,,,2023-04-17 18:55:03,,"Daniela 15-1, 72-003 Dołuje, Poland",Dołuje,,2023-04-06 19:58:26,01:34:44,"Dobierzyn 1, 87-890, Poland",Dobierzyn,,2023-04-11 06:41:07,01:02:38,"Słowackiego 121, 97-360 Kamieńsk, Poland",Kamieńsk,,2023-04-13 18:29:49,,"Karola Szajnochy 14-18, 85-738 Bydgoszcz, Poland",Bydgoszcz,,,,,,,,,,,
,,,,, ,01:39:52,,,, ,,,,, ,,,,, ,00:48:24,,,,,,,,,,,,,
,,,,,2023-04-17 18:57:24,,"Daniela 15-1, 72-003 Dołuje, Poland",Dołuje,,2023-04-06 20:49:47,,"Dobierzyn 1, 87-890, Poland",Dobierzyn,,2023-04-11 06:44:46,,"Słowackiego 121, 97-360 Kamieńsk, Poland",Kamieńsk,,2023-04-14 08:24:12,,"Karola Szajnochy 14-18, 85-738 Bydgoszcz, Poland",Bydgoszcz,,,,,,,,,,,
,,,,,2023-04-17 19:02:54,,"DK10, 72-003, Poland",,,2023-04-06 22:28:50,03:23:14,"Karola Szajnochy 14, 85-738 Bydgoszcz, Poland",Bydgoszcz,,2023-04-11 07:45:12,01:29:48,"C248+99, 42-584 Dobieszowice, Poland",Dobieszowice,,2023-04-14 08:34:06,,"Przemysłowa, 85-758 Bydgoszcz, Poland",Bydgoszcz,,,,,,,,,,,
,,,,, ,00:58:57,,,, ,,,,, ,,,,, ,02:29:21,,,,,,,,,,,,,
,,,,,2023-04-17 20:01:55,,"Lubieszyn 23, 72-002, Poland",Lubieszyn,,2023-04-11 08:16:19,,"Karola Szajnochy 14, 85-738 Bydgoszcz, Poland",Bydgoszcz,,2023-04-11 07:48:43,,"C248+99, 42-584 Dobieszowice, Poland",Dobieszowice,,2023-04-14 08:41:30,,"Przemysłowa, 85-758 Bydgoszcz, Poland",Bydgoszcz,,,,,,,,,,,
,,,,,2023-04-17 20:07:58,,"Lubieszyn 11A, 72-002, Poland",Lubieszyn,,2023-04-11 08:30:50,,"Karola Szajnochy 14, 85-738 Bydgoszcz, Poland",Bydgoszcz,,2023-04-11 08:04:03,01:00:26,"9PCV+X7, Wieszowa, Poland",Wieszowa,,2023-04-14 08:50:54,,"Karola Szajnochy 14, 85-738 Bydgoszcz, Poland",Bydgoszcz,,,,,,,,,,,
,,,,, ,01:24:53,,,, ,01:39:03,,,, ,,,,, ,00:09:54,,,,,,,,,,,,,
,,,,,2023-04-18 07:38:16,,"DK10, 72-003, Poland",,,2023-04-11 08:45:16,,"Fabryczna 16, 85-741 Bydgoszcz, Poland",Bydgoszcz,,2023-04-11 08:27:47,,"A1, 42-674 Zabrze, Poland",Zabrze,,2023-04-17 04:43:13,,"Karola Szajnochy 14-18, 85-738 Bydgoszcz, Poland",Bydgoszcz,,,,,,,,,,,
,,,,,2023-04-18 08:09:12,,"Jasienicka 7k, 72-015 Police, Poland",Police,,2023-04-11 12:26:06,,"Górnicza 1, 42-100 Kłobuck, Poland",Kłobuck,,2023-04-11 12:10:43,00:15:20,"A5, 2185, Austria",,,2023-04-17 06:01:44,,"Kcyńska 56, 62-100 Wągrowiec, Poland",Wągrowiec,,,,,,,,,,,
,,,,, ,00:05:30,,,, ,00:14:31,,,, ,,,,, ,00:09:24,,,,,,,,,,,,,
,,,,,2023-04-18 15:23:08,,"Jasienicka, 72-010 Police, Poland",Police,,2023-04-11 13:30:18,,"Górnicza 1, 42-100 Kłobuck, Poland",Kłobuck,,2023-04-11 12:13:28,,"A5, 2185, Austria",,,2023-04-17 06:03:51,,"Kcyńska 56, 62-100 Wągrowiec, Poland",Wągrowiec,,,,,,,,,,,
,,,,,2023-04-18 16:27:09,,"Droga bez nazwy, Żdżary, Poland",Żdżary,,2023-04-11 13:40:42,,"Henryka Sienkiewicza 2, 42-100 Kłobuck, Poland",Kłobuck,,2023-04-11 14:55:08,03:42:56,"Riegersburg 247, 8333 Riegersburg, Austria",Riegersburg,,2023-04-17 06:52:11,,"Słonawy 14c, 64-600, Poland",Słonawy,,,,,,,,,,,
,,,,, ,00:06:03,,,, ,03:40:50,,,, ,,,,, ,01:18:31,,,,,,,,,,,,,
,,,,,2023-04-18 16:29:47,,"Droga bez nazwy, Żdżary, Poland",Żdżary,,2023-04-11 13:48:59,,"Henryka Sienkiewicza 2, 42-100 Kłobuck, Poland",Kłobuck,,2023-04-11 16:55:50,,"Riegersburg 247, 8333 Riegersburg, Austria",Riegersburg,,2023-04-17 09:49:59,,"Słonawy 14c, 64-600, Poland",Słonawy,,,,,,,,,,,
,,,,,2023-04-18 16:39:48,,"Glewice 33, 72-100 Goleniów, Poland",Goleniów,,2023-04-11 17:50:58,,"Przemysłowa 1a, 63-720 Koźmin Wielkopolski, Poland",Koźmin Wielkopolski,,2023-04-11 17:03:57,02:41:40,"Meisterweg I, 8333, Austria",,,2023-04-17 11:34:06,,"Poznańska 23, 89-240 Kcynia, Poland",Kcynia,,,,,,,,,,,
,,,,, ,00:30:56,,,, ,00:10:24,,,, ,,,,, ,,,,,,,,,,,,,,
,,,,,2023-04-18 17:20:33,,"Glewice 33, 72-100 Goleniów, Poland",Goleniów,,2023-04-11 18:43:23,,"Przemysłowa 1a, 63-720 Koźmin Wielkopolski, Poland",Koźmin Wielkopolski,,2023-04-12 16:22:46,,"Riegersburg 246, 8333 Riegersburg, Austria",Riegersburg,,2023-04-17 11:38:56,00:48:20,"Poznańska 22-20, 89-240 Kcynia, Poland",Kcynia,,,,,,,,,,,
,,,,,2023-04-18 19:59:27,,"DW212 10, 77-116 Czarna Dąbrówka, Poland",Czarna Dąbrówka,,2023-04-11 21:06:05,,"Szosa Bydgoska 64, 88-180 Złotniki Kujawskie, Poland",Złotniki Kujawskie,,2023-04-12 16:28:02,,"Meisterweg I, 8333, Austria",,,2023-04-17 11:57:02,,"Jana Pawła II 46, 89-200 Szubin, Poland",Szubin,,,,,,,,,,,
,,,,, ,01:04:01,,,, ,04:01:59,,,, ,00:08:07,,,, ,,,,,,,,,,,,,,
,,,,,2023-04-18 20:10:32,,"Lęborska 8, 77-116 Czarna Dąbrówka, Poland",Czarna Dąbrówka,,2023-04-12 06:40:14,,"DW284 39-37, 88-180 Złotniki Kujawskie, Poland",Złotniki Kujawskie,,2023-04-13 07:53:06,,"Meisterweg I, 8333, Austria",,,2023-04-17 12:06:07,01:44:07,"Jana Pawła II 46, 89-200 Szubin, Poland",Szubin,,,,,,,,,,,
,,,,,2023-04-18 20:55:54,,"Słoneczna 1-5, 83-300 Kartuzy, Poland",Kartuzy,,2023-04-12 07:18:31,,"Karola Szajnochy 14, 85-738 Bydgoszcz, Poland",Bydgoszcz,,2023-04-13 08:48:24,,"Rossiweg 1, 8244 Haberl, Austria",Haberl,,2023-04-17 12:47:04,,"Karola Szajnochy 14, 85-738 Bydgoszcz, Poland",Bydgoszcz,,,,,,,,,,,
,,,,, ,,,,, ,02:22:42,,,, ,,,,, ,,,,,,,,,,,,,,
,,,,,2023-04-19 08:13:03,00:10:01,"Słoneczna 1-5, 83-300 Kartuzy, Poland",Kartuzy,,2023-04-12 07:49:54,,"Karola Szajnochy 14b, 85-738 Bydgoszcz, Poland",Bydgoszcz,,2023-04-13 08:51:09,00:05:16,"Rossiweg 1, 8244 Haberl, Austria",Haberl,,2023-04-19 17:25:32,00:18:06,"Fabryczna 21, 85-741 Bydgoszcz, Poland",Bydgoszcz,,,,,,,,,,,
,,,,,2023-04-19 08:29:55,,"Spacerowa 8, 83-307 Kiełpino, Poland",Kiełpino,,2023-04-12 09:11:49,,"3 Maja 5, 89-340 Białośliwie, Poland",Białośliwie,,2023-04-13 13:09:35,,"D1, 742 35 Vražné, Czechia",Vražné,,2023-04-19 19:06:52,,"Krzyżanówek 9B, 99-314, Poland",Krzyżanówek,,,,,,,,,,,
,,,,, ,,,,, ,00:38:17,,,, ,,,,, ,,,,,,,,,,,,,,
,,,,,2023-04-19 11:21:16,02:38:54,"Spacerowa 8, 83-307 Kiełpino, Poland",Kiełpino,,2023-04-12 18:59:16,,"3 Maja 5, 89-340 Białośliwie, Poland",Białośliwie,,2023-04-13 13:10:33,00:55:18,"D1, 742 35 Vražné, Czechia",Vražné,,2023-04-19 19:25:17,00:40:57,"Krzyżanówek 9B, 99-314, Poland",Krzyżanówek,,,,,,,,,,,
,,,,,2023-04-19 11:26:45,,"Długa 36a, 83-307 Kiełpino, Poland",Kiełpino,,2023-04-12 20:13:49,,"Karola Szajnochy 14, 85-738 Bydgoszcz, Poland",Bydgoszcz,,2023-04-13 15:26:54,,"Wołyńska 41, 42-120 Wapiennik, Poland",Wapiennik,,2023-04-19 22:30:20,,"Wrotkowska 4, 20-469 Lublin, Poland",Lublin,,,,,,,,,,,
,,,,, ,,,,, ,01:21:55,,,, ,,,,, ,,,,,,,,,,,,,,
,,,,,2023-04-19 11:37:08,00:45:22,"Długa 63A, 83-307 Kiełpino, Poland",Kiełpino,,2023-04-13 07:38:24,,"Karola Szajnochy 14A, 85-738 Bydgoszcz, Poland",Bydgoszcz,,2023-04-13 18:33:09,04:18:26,"Wołyńska 41, 42-120 Wapiennik, Poland",Wapiennik,,2023-04-19 22:32:53,01:41:20,"Wrotkowska 4, 20-469 Lublin, Poland",Lublin,,,,,,,,,,,
,,,,,2023-04-19 11:46:33,,"Kartuska 35, 83-307 Kiełpino, Poland",Kiełpino,,2023-04-13 07:44:30,,"Karola Szajnochy 14-18, 85-738 Bydgoszcz, Poland",Bydgoszcz,,2023-04-13 18:48:45,,"Szkolna 1, 42-100 Kłobuck, Poland",Kłobuck,,2023-04-19 22:38:32,,"Nowy Świat 38, 20-418 Lublin, Poland",Lublin,,,,,,,,,,,
,,,,, ,,,,, ,01:14:33,,,, ,,,,, ,,,,,,,,,,,,,,
,,,,,2023-04-19 11:49:16,00:16:52,"Kartuska 35, 83-307 Kiełpino, Poland",Kiełpino,,2023-04-13 08:16:06,,"Fabryczna 21, 85-741 Bydgoszcz, Poland",Bydgoszcz,,2023-04-14 07:31:37,02:16:21,"Rómmla 11, 42-100 Kłobuck, Poland",Kłobuck,,2023-04-20 07:14:45,03:05:03,"Nowy Świat 38, 20-418 Lublin, Poland",Lublin,,,,,,,,,,,
,,,,,2023-04-19 11:55:59,,"Spacerowa 8, 83-307 Kiełpino, Poland",Kiełpino,,2023-04-13 09:53:32,,"Zakopiańska, 64-920 Piła, Poland",Piła,,2023-04-14 07:51:12,,"Wołyńska 41, 42-120 Wapiennik, Poland",Wapiennik,,2023-04-20 07:26:01,,"Mariana Smoluchowskiego 7, 20-474 Lublin, Poland",Lublin,,,,,,,,,,,
,,,,, ,,,,, ,00:06:06,,,, ,,,,, ,,,,,,,,,,,,,,
,,,,,2023-04-19 13:24:03,00:05:29,"Spacerowa 8, 83-307 Kiełpino, Poland",Kiełpino,,2023-04-13 10:11:04,,"Zakopiańska, 64-920 Piła, Poland",Piła,,2023-04-14 13:35:08,00:15:36,"Wołyńska 41, 42-120 Wapiennik, Poland",Wapiennik,,2023-04-20 11:36:35,00:05:39,"Mariana Smoluchowskiego 2, 20-483 Lublin, Poland",Lublin,,,,,,,,,,,
,,,,,2023-04-19 15:15:52,,"DK91, 86-134 Stare Marzy, Poland",Stare Marzy,,2023-04-13 11:45:32,,"DK22 9-10, 66-416 Różanki, Poland",Różanki,,2023-04-14 13:46:49,,"Brzeźnicka, 42-122 Ostrowy nad Okszą, Poland",Ostrowy nad Okszą,,2023-04-20 12:09:36,,"Droga bez nazwy, 24-173, Poland",,,,,,,,,,,,
,,,,, ,,,,, ,01:37:26,,,, ,,,,, ,,,,,,,,,,,,,,
,,,,,2023-04-19 15:25:14,,"DK91, 86-134 Stare Marzy, Poland",Stare Marzy,,2023-04-13 11:56:55,,"DK22 9-10, 66-416 Różanki, Poland",Różanki,,2023-04-14 13:47:05,00:19:35,"Brzeźnicka, 42-122 Ostrowy nad Okszą, Poland",Ostrowy nad Okszą,,2023-04-20 12:37:01,00:11:16,"Droga bez nazwy, 24-173, Poland",,,,,,,,,,,,
,,,,,2023-04-19 16:15:46,00:09:25,"Karola Szajnochy 14, 85-738 Bydgoszcz, Poland",Bydgoszcz,,2023-04-13 12:46:34,,"Tartaczna 2, 74-400 Dębno, Poland",Dębno,,2023-04-14 14:52:50,,"Dworska 4B, 97-320 Piotrków Trybunalski, Poland",Piotrków Trybunalski,,2023-04-20 14:16:21,,"Kotowice 50 A, 05-840 Brwinów, Poland",Brwinów,,,,,,,,,,,
,,,,, ,,,,, ,01:34:28,,,, ,,,,, ,,,,,,,,,,,,,,
,,,,,2023-04-20 12:57:10,,"Karola Szajnochy 14, 85-738 Bydgoszcz, Poland",Bydgoszcz,,2023-04-13 20:06:45,,"Tartaczna 2, 74-400 Dębno, Poland",Dębno,,2023-04-14 14:57:33,00:11:41,"Dworska 4B, 97-320 Piotrków Trybunalski, Poland",Piotrków Trybunalski,,2023-04-20 14:26:40,00:33:01,"Kotowice 50 A, 05-840 Brwinów, Poland",Brwinów,,,,,,,,,,,
,,,,,2023-04-20 13:12:09,00:06:43,"Kasztanowa 35-27, 85-606 Bydgoszcz, Poland",Bydgoszcz,,2023-04-13 20:12:14,,"Kostrzyńska 31, 74-400 Dębno, Poland",Dębno,,2023-04-14 17:27:21,,"Stanisława Leszczyńskiego 61, 85-137 Bydgoszcz, Poland",Bydgoszcz,,2023-04-20 17:14:30,,"Karola Szajnochy 14, 85-738 Bydgoszcz, Poland",Bydgoszcz,,,,,,,,,,,
,,,,, ,,,,, ,00:49:39,,,, ,,,,, ,,,,,,,,,,,,,,
,,,,,2023-04-20 13:31:59,,"Kasztanowa 35-27, 85-606 Bydgoszcz, Poland",Bydgoszcz,,2023-04-13 20:32:02,,"Kostrzyńska 31, 74-400 Dębno, Poland",Dębno,,2023-04-17 07:05:47,01:05:45,"Stanisława Leszczyńskiego 65, 85-137 Bydgoszcz, Poland",Bydgoszcz,,2023-04-24 03:23:40,01:39:20,"Fabryczna 21, 85-734 Bydgoszcz, Poland",Bydgoszcz,,,,,,,,,,,
,,,,,2023-04-20 13:49:34,01:51:49,"Aleja Jana Pawła II 131, 85-185 Bydgoszcz, Poland",Bydgoszcz,,2023-04-13 21:03:19,,"DK31, 66-470 Kostrzyn nad Odrą, Poland",Kostrzyn nad Odrą,,2023-04-17 07:23:37,,"Karola Szajnochy 14A, 85-738 Bydgoszcz, Poland",Bydgoszcz,,2023-04-24 04:50:56,,"Dębiaki 7, 64-920 Piła, Poland",Dębiaki,,,,,,,,,,,
,,,,, ,,,,, ,00:05:29,,,, ,,,,, ,,,,,,,,,,,,,,
,,,,,2023-04-20 13:56:25,,"Aleja Jana Pawła II 131, 85-185 Bydgoszcz, Poland",Bydgoszcz,,2023-04-13 21:20:46,,"Gorzyńska 2, 66-470 Kostrzyn nad Odrą, Poland",Kostrzyn nad Odrą,,2023-04-17 10:02:07,02:29:48,"Łęczycka 4, 85-739 Bydgoszcz, Poland",Bydgoszcz,,2023-04-24 04:54:22,02:47:50,"Dębiaki 7, 64-920 Piła, Poland",Dębiaki,,,,,,,,,,,
,,,,,2023-04-20 18:46:45,00:50:32,"Dworcowa 1, 43-430 Pogórze, Poland",Pogórze,,2023-04-13 21:26:10,,"Orła Białego 7-1, 66-470 Kostrzyn nad Odrą, Poland",Kostrzyn nad Odrą,,2023-04-17 13:18:33,,"Robotnicza 72, 53-607 Wrocław, Poland",Wrocław,,2023-04-24 06:16:23,,"Podgórna 2, 73-210 Recz, Poland",Recz,,,,,,,,,,,
,,,,, ,,,,, ,00:31:17,,,, ,,,,, ,,,,,,,,,,,,,,
,,,,,2023-04-20 21:00:34,,"Dworcowa 1, 43-430 Pogórze, Poland",Pogórze,,2023-04-14 07:12:15,,"Orła Białego 7-1, 66-470 Kostrzyn nad Odrą, Poland",Kostrzyn nad Odrą,,2023-04-17 19:06:31,00:17:50,"Robotnicza 72b, 53-608 Wrocław, Poland",Wrocław,,2023-04-24 06:27:24,01:27:16,"Podgórna 2, 73-210 Recz, Poland",Recz,,,,,,,,,,,
,,,,,2023-04-20 23:08:03,00:14:59,"Dworska 4B, 97-320 Piotrków Trybunalski, Poland",Piotrków Trybunalski,,2023-04-14 08:03:04,,"Tartaczna 2, 74-400 Dębno, Poland",Dębno,,2023-04-17 19:16:52,,"Strzegomska 34-20, 54-430 Wrocław, Poland",Wrocław,,2023-04-24 07:35:19,,"Droga bez nazwy, Poland",,,,,,,,,,,,
,,,,, ,,,,, ,00:05:24,,,, ,,,,, ,,,,,,,,,,,,,,
,,,,,2023-04-20 23:19:26,,"Dworska 4B, 97-320 Piotrków Trybunalski, Poland",Piotrków Trybunalski,,2023-04-14 16:13:44,,"Tartaczna 2, 74-400 Dębno, Poland",Dębno,,2023-04-17 19:28:13,03:16:26,"Strzegomska 34-20, 54-430 Wrocław, Poland",Wrocław,,2023-04-24 11:00:20,01:22:01,"Droga bez nazwy, Poland",,,,,,,,,,,,
,,,,,2023-04-21 01:47:21,00:17:35,"Karola Szajnochy 14, 85-738 Bydgoszcz, Poland",Bydgoszcz,,2023-04-14 17:46:59,,"Dzwonowo 35, 78-630, Poland",Dzwonowo,,2023-04-17 19:50:04,,"most Milenijny, 54-239 Wrocław, Poland",Wrocław,,2023-04-24 11:54:52,,"Pomorska 119, 73-132 Suchań, Poland",Suchań,,,,,,,,,,,
,,,,, ,,,,, ,,,,, ,,,,, ,,,,,,,,,,,,,,
,,,,,2023-04-21 08:29:22,,"Karola Szajnochy 14, 85-738 Bydgoszcz, Poland",Bydgoszcz,,2023-04-14 18:18:02,00:50:49,"Dzwonowo 35, 78-630, Poland",Dzwonowo,,2023-04-18 07:18:15,00:10:21,"Wejherowska, 54-239 Wrocław, Poland",Wrocław,,2023-04-24 12:26:38,01:07:55,"Pomorska 119, 73-132 Suchań, Poland",Suchań,,,,,,,,,,,
,,,,,2023-04-21 08:41:13,,"Przemysłowa, 85-758 Bydgoszcz, Poland",Bydgoszcz,,2023-04-14 20:25:19,,"Stanisława Leszczyńskiego 65, 85-137 Bydgoszcz, Poland",Bydgoszcz,,2023-04-18 07:24:24,,"Bystrzycka 55-67, 54-215 Wrocław, Poland",Wrocław,,2023-04-24 15:44:51,,"Karola Szajnochy 14, 85-738 Bydgoszcz, Poland",Bydgoszcz,,,,,,,,,,,
,,,,, ,04:50:20,,,, ,,,,, ,,,,, ,,,,,,,,,,,,,,
,,,,,2023-04-21 13:23:23,,"Przemysłowa 34, 85-758 Bydgoszcz, Poland",Bydgoszcz,,2023-04-14 20:40:31,01:33:15,"Stanisława Leszczyńskiego 65, 85-137 Bydgoszcz, Poland",Bydgoszcz,,2023-04-18 07:26:32,00:21:51,"Bystrzycka 55, 54-215 Wrocław, Poland",Wrocław,,2023-04-26 03:27:26,00:54:32,"Karola Szajnochy 14, 85-738 Bydgoszcz, Poland",Bydgoszcz,,,,,,,,,,,
,,,,,2023-04-21 13:34:51,,"Inwalidów 1, 85-727 Bydgoszcz, Poland",Bydgoszcz,,2023-04-14 20:51:57,,"Łomżyńska 51, 85-863 Bydgoszcz, Poland",Bydgoszcz,,2023-04-18 07:36:52,,"Robotnicza 72, 53-607 Wrocław, Poland",Wrocław,,2023-04-26 03:39:02,,"Fabryczna 21, 85-734 Bydgoszcz, Poland",Bydgoszcz,,,,,,,,,,,
,,,,, ,02:07:29,,,, ,,,,, ,,,,, ,,,,,,,,,,,,,,
,,,,,2023-04-21 13:37:34,,"Inwalidów 1, 85-727 Bydgoszcz, Poland",Bydgoszcz,,2023-04-14 21:01:41,02:07:17,"Łomżyńska 51, 85-863 Bydgoszcz, Poland",Bydgoszcz,,2023-04-18 16:41:55,00:06:09,"Robotnicza 72b, 53-608 Wrocław, Poland",Wrocław,,2023-04-26 03:42:32,03:18:13,"Fabryczna 21, 85-734 Bydgoszcz, Poland",Bydgoszcz,,,,,,,,,,,
,,,,,2023-04-21 13:56:46,,"Karola Szajnochy 14, 85-738 Bydgoszcz, Poland",Bydgoszcz,,2023-04-14 21:16:06,,"Karola Szajnochy 14, 85-738 Bydgoszcz, Poland",Bydgoszcz,,2023-04-18 17:43:35,,"Wrocławska 26-56, 55-050 Rogów Sobócki, Poland",Rogów Sobócki,,2023-04-26 05:02:39,,"Kcyńska 56, 62-100 Wągrowiec, Poland",Wągrowiec,,,,,,,,,,,
,,,,, ,,,,, ,,,,, ,,,,, ,,,,,,,,,,,,,,
,,,,,2023-04-24 07:12:51,02:27:55,"Karola Szajnochy 14, 85-738 Bydgoszcz, Poland",Bydgoszcz,,2023-04-14 21:16:10,00:11:26,"Karola Szajnochy 14, 85-738 Bydgoszcz, Poland",Bydgoszcz,,2023-04-18 17:44:53,00:10:20,"Wrocławska 26-56, 55-050 Rogów Sobócki, Poland",Rogów Sobócki,,2023-04-26 05:10:22,00:11:36,"Kcyńska 56, 62-100 Wągrowiec, Poland",Wągrowiec,,,,,,,,,,,
,,,,,2023-04-24 08:20:10,,"Droga bez nazwy, 86-200, Poland",,,2023-04-14 21:21:17,,"Karola Szajnochy 14-18, 85-738 Bydgoszcz, Poland",Bydgoszcz,,2023-04-18 17:56:09,,"Wrocławska 50, 55-050 Strzegomiany, Poland",Strzegomiany,,2023-04-26 05:49:53,,"Stanisława Staszica 27B, 64-600 Oborniki, Poland",Oborniki,,,,,,,,,,,
,,,,, ,,,,, ,,,,, ,,,,, ,,,,,,,,,,,,,,
,,,,,2023-04-24 20:40:55,00:11:51,"Klamry 10, 86-200, Poland",Klamry,,2023-04-17 03:53:00,00:14:25,"Karola Szajnochy 14-18, 85-738 Bydgoszcz, Poland",Bydgoszcz,,2023-04-19 07:18:46,01:01:40,"Wrocławska 50, 55-050 Strzegomiany, Poland",Strzegomiany,,2023-04-26 05:53:51,01:20:07,"Stanisława Staszica 27B, 64-600 Oborniki, Poland",Oborniki,,,,,,,,,,,
,,,,,2023-04-24 20:48:41,,"Prosta 2-10, 86-200 Chełmno, Poland",Chełmno,,2023-04-17 03:58:33,,"Fabryczna 16, 85-741 Bydgoszcz, Poland",Bydgoszcz,,2023-04-19 08:02:05,,"DW362 11, 54-519 Wrocław, Poland",Wrocław,,2023-04-26 06:08:03,,"Słonawy 14c, 64-600, Poland",Słonawy,,,,,,,,,,,
,,,,, ,,,,, ,,,,, ,,,,, ,,,,,,,,,,,,,,
,,,,,2023-04-25 07:56:26,00:11:28,"Prosta 2-10, 86-200 Chełmno, Poland",Chełmno,,2023-04-17 04:02:00,,"Fabryczna 16, 85-741 Bydgoszcz, Poland",Bydgoszcz,,2023-04-19 11:56:10,00:11:16,"DW362 11, 54-519 Wrocław, Poland",Wrocław,,2023-04-26 14:02:56,00:39:31,"Słonawy 14c, 64-600, Poland",Słonawy,,,,,,,,,,,
,,,,,2023-04-25 08:02:39,,"Młyńska 8, 86-200 Chełmno, Poland",Chełmno,,2023-04-17 06:10:38,00:05:07,"Droga bez nazwy, 99-311, Poland",,,2023-04-19 12:06:41,,"Władysława Zarembowicza 48, 54-530 Wrocław, Poland",Wrocław,,2023-04-26 14:50:27,,"11 Listopada 30, 62-100 Wągrowiec, Poland",Wągrowiec,,,,,,,,,,,
,,,,, ,,,,, ,,,,, ,,,,, ,,,,,,,,,,,,,,
,,,,,2023-04-25 08:04:45,00:19:12,"Młyńska 9, 86-200 Chełmno, Poland",Chełmno,,2023-04-17 06:24:27,,"Droga bez nazwy, 99-311, Poland",,,2023-04-19 12:13:15,00:43:19,"Władysława Zarembowicza 48, 54-530 Wrocław, Poland",Wrocław,,2023-04-26 14:55:23,,"11 Listopada 30, 62-100 Wągrowiec, Poland",Wągrowiec,,,,,,,,,,,
,,,,,2023-04-25 08:16:36,,"Droga bez nazwy, 86-200 Klamry, Poland",Klamry,,2023-04-17 07:41:18,00:05:33,"Warszawska 37-5, 05-075 Warszawa, Poland",Warszawa,,2023-04-19 12:30:18,,"Średzka 36, 54-017 Wrocław, Poland",Wrocław,,2023-04-26 16:41:05,00:14:12,"Karola Szajnochy 14, 85-738 Bydgoszcz, Poland",Bydgoszcz,,,,,,,,,,,
,,,,, ,,,,, ,,,,, ,,,,, ,,,,,,,,,,,,,,
,,,,,2023-04-25 19:28:06,01:07:19,"Klamry 10, 86-200, Poland",Klamry,,2023-04-17 12:36:22,,"Warszawska 37-5, 05-075 Warszawa, Poland",Warszawa,,2023-04-19 12:39:41,00:10:31,"Średzka 36, 54-017 Wrocław, Poland",Wrocław,,2023-04-26 17:27:13,,"Karola Szajnochy 14b, 85-738 Bydgoszcz, Poland",Bydgoszcz,,,,,,,,,,,
,,,,,2023-04-25 21:25:41,,"DK91 1, 83-032 Pszczółki, Poland",Pszczółki,,2023-04-17 13:25:42,02:08:38,"Promyka 7, 05-830 Urzut, Poland",Urzut,,2023-04-19 13:49:01,,"Godzikowice 14 C, 55-200 Oława, Poland",Oława,,2023-04-26 17:46:55,00:47:31,"Mazowiecka 23, 85-084 Bydgoszcz, Poland",Bydgoszcz,,,,,,,,,,,
,,,,, ,,,,, ,,,,, ,,,,, ,,,,,,,,,,,,,,
,,,,,2023-04-26 07:28:21,00:07:46,"DK91 1, 83-032 Pszczółki, Poland",Pszczółki,,2023-04-17 13:27:13,,"Promyka 7, 05-830 Urzut, Poland",Urzut,,2023-04-19 15:48:44,00:17:03,"Godzikowice 14 C, 55-200 Oława, Poland",Oława,,2023-04-27 03:27:25,,"Mazowiecka 23, 85-084 Bydgoszcz, Poland",Bydgoszcz,,,,,,,,,,,
,,,,,2023-04-26 07:35:21,,"Miła 2, 83-032 Rębielcz, Poland",Rębielcz,,2023-04-17 14:02:09,,"Katowicka 2B, 96-200 Rawa Mazowiecka, Poland",Rawa Mazowiecka,,2023-04-19 16:17:34,,"Godzikowice 150, 55-200, Poland",Godzikowice,,2023-04-27 04:28:32,01:45:42,"Łubowo 164, 62-260, Poland",Łubowo,,,,,,,,,,,
,,,,, ,,,,, ,01:16:51,,,, ,,,,, ,,,,,,,,,,,,,,
,,,,,2023-04-26 07:39:04,00:06:13,"Miła 2, 83-032 Rębielcz, Poland",Rębielcz,,2023-04-17 14:13:07,,"Katowicka 2B, 96-200 Rawa Mazowiecka, Poland",Rawa Mazowiecka,,2023-04-19 16:44:14,01:09:20,"Godzikowice 150, 55-200, Poland",Godzikowice,,2023-04-27 04:35:11,,"Łubowo 164, 62-260, Poland",Łubowo,,,,,,,,,,,
,,,,,2023-04-26 08:10:01,,"Ceynowy Floriana 1, 83-010 Goszyn, Poland",Goszyn,,2023-04-17 15:45:40,,"Droga Serwisowa, Poland",,,2023-04-19 17:13:11,,"Nowoosadnicza 13, 55-200 Oława, Poland",Oława,,2023-04-27 05:23:58,00:19:42,"Poznańska 47, 63-040 Nowe Miasto nad Wartą, Poland",Nowe Miasto nad Wartą,,,,,,,,,,,
,,,,, ,,,,, ,,,,, ,,,,, ,,,,,,,,,,,,,,
,,,,,2023-04-26 08:18:27,,"Ceynowy Floriana 1, 83-010 Goszyn, Poland",Goszyn,,2023-04-17 15:47:58,00:49:20,"Droga Serwisowa, Poland",,,2023-04-19 17:26:04,00:28:50,"Leona Wyczółkowskiego 16, 55-200 Oława, Poland",Oława,,2023-04-27 05:30:14,,"Poznańska 47, 63-040 Nowe Miasto nad Wartą, Poland",Nowe Miasto nad Wartą,,,,,,,,,,,
,,,,,2023-04-26 08:38:44,00:11:51,"Ceynowy Floriana 1, 83-010 Goszyn, Poland",Goszyn,,2023-04-17 17:16:55,,"Leonovova, 733 01 Karviná, Czechia",Karviná,,2023-04-19 19:15:14,,"Droga bez nazwy, 63-920, Poland",,,2023-04-27 06:02:33,01:01:07,"DK11, 63-300 Kowalew, Poland",Kowalew,,,,,,,,,,,
,,,,, ,,,,, ,,,,, ,,,,, ,,,,,,,,,,,,,,
,,,,,2023-04-26 20:14:45,,"Ceynowy Floriana 1, 83-010 Goszyn, Poland",Goszyn,,2023-04-17 17:51:47,00:34:56,"Leonovova, 733 01 Karviná, Czechia",Karviná,,2023-04-20 07:37:26,00:28:57,"Droga bez nazwy, 63-920, Poland",,,2023-04-27 06:04:33,,"DK11, 63-300 Kowalew, Poland",Kowalew,,,,,,,,,,,
,,,,,2023-04-26 20:43:27,01:57:35,"Pomorska 19-21, 83-032 Pszczółki, Poland",Pszczółki,,2023-04-17 18:24:38,,"Katowicka 2A, 43-430 Skoczów, Poland",Skoczów,,2023-04-20 08:15:00,,"Droga bez nazwy, 55-140 Borzęcin, Poland",Borzęcin,,2023-04-27 06:46:38,00:48:47,"Ostrowska 147A, 63-405 Sieroszewice, Poland",Sieroszewice,,,,,,,,,,,
,,,,, ,,,,, ,,,,, ,,,,, ,,,,,,,,,,,,,,
,,,,,2023-04-27 08:00:38,,"DK91 1, 83-032 Pszczółki, Poland",Pszczółki,,2023-04-17 18:29:07,01:32:33,"Katowicka 2A, 43-430 Skoczów, Poland",Skoczów,,2023-04-20 13:22:02,01:49:10,"Borzęcin 40, 55-140, Poland",Borzęcin,,2023-04-27 06:48:27,,"Ostrowska 147A, 63-405 Sieroszewice, Poland",Sieroszewice,,,,,,,,,,,
,,,,,2023-04-27 08:31:56,00:07:00,"Ceynowy Floriana 1, 83-010 Goszyn, Poland",Goszyn,,2023-04-17 18:36:57,,"Nowy Świat 4, 43-436 Górki Wielkie, Poland",Górki Wielkie,,2023-04-20 13:37:00,,"Rynek 8-2, 55-110 Prusice, Poland",Prusice,,2023-04-27 06:54:57,00:32:19,"Ostrowska 147A, 63-405 Sieroszewice, Poland",Sieroszewice,,,,,,,,,,,
,,,,, ,,,,, ,,,,, ,,,,, ,,,,,,,,,,,,,,
,,,,,2023-04-27 13:39:24,,"Ceynowy Floriana 1, 83-010 Goszyn, Poland",Goszyn,,2023-04-17 19:04:33,01:28:57,"Nowy Świat 4, 43-436 Górki Wielkie, Poland",Górki Wielkie,,2023-04-20 13:49:35,,"Rynek 8-2, 55-110 Prusice, Poland",Prusice,,2023-04-27 11:28:44,,"Ostrowska 147A, 63-405 Sieroszewice, Poland",Sieroszewice,,,,,,,,,,,
,,,,,2023-04-27 14:18:14,,"Ceynowy Floriana 1, 83-010 Goszyn, Poland",Goszyn,,2023-04-17 19:17:00,,"Wyzwolenia 41, 43-438 Brenna, Poland",Brenna,,2023-04-20 14:26:51,00:37:34,"Szybowcowa, 54-130 Wrocław, Poland",Wrocław,,2023-04-27 13:30:50,00:42:05,"Droga bez nazwy, 97-300 Piotrków Trybunalski, Poland",Piotrków Trybunalski,,,,,,,,,,,
,,,,, ,00:30:57,,,, ,,,,, ,,,,, ,,,,,,,,,,,,,,
,,,,,2023-04-27 20:23:00,,"Ceynowy Floriana 1, 83-010 Goszyn, Poland",Goszyn,,2023-04-18 08:15:49,,"Wyzwolenia 41, 43-438 Brenna, Poland",Brenna,,2023-04-20 14:31:44,,"Szybowcowa, 54-130 Wrocław, Poland",Wrocław,,2023-04-27 13:48:42,,"Droga bez nazwy, 97-300 Piotrków Trybunalski, Poland",Piotrków Trybunalski,,,,,,,,,,,
,,,,,2023-04-27 20:38:40,,"Droga bez nazwy, Poland",,,2023-04-18 08:53:08,00:32:51,"Konopnickiej 20, 43-417 Kaczyce, Poland",Kaczyce,,2023-04-20 17:55:15,00:14:58,"Bielska, 43-386 Świętoszówka, Poland",Świętoszówka,,2023-04-27 14:55:43,00:06:30,"Aleja Katowicka 123, 05-830 Rusiec, Poland",Rusiec,,,,,,,,,,,
,,,,, ,,,,, ,,,,, ,,,,, ,,,,,,,,,,,,,,
,,,,,2023-04-27 20:47:27,00:20:17,"Droga bez nazwy, Poland",,,2023-04-18 08:57:52,,"Konopnickiej 20, 43-417 Kaczyce, Poland",Kaczyce,,2023-04-21 07:39:32,,"Cisowa 736, Jasienica, Poland",Jasienica,,2023-04-28 06:52:08,,"Aleja Katowicka 123, 05-830 Rusiec, Poland",Rusiec,,,,,,,,,,,
,,,,,2023-04-27 22:18:49,,"Karola Szajnochy 14, 85-738 Bydgoszcz, Poland",Bydgoszcz,,2023-04-18 09:20:32,00:07:50,"Adama Mickiewicza 34, 43-410 Marklowice Górne, Poland",Marklowice Górne,,2023-04-21 08:13:51,,"Bielska 153A, 43-200 Pszczyna, Poland",Pszczyna,,2023-04-28 07:11:22,02:02:06,"Piniowa, 05-830 Stara Wieś, Poland",Stara Wieś,,,,,,,,,,,
,,,,,,,,,, ,,,,, ,00:37:16,,,, ,,,,,,,,,,,,,,
,,,,,,,,,,2023-04-18 15:33:12,,"Adama Mickiewicza 34, 43-410 Marklowice Górne, Poland",Marklowice Górne,,2023-04-21 15:09:28,,"Bielska 153A, 43-200 Pszczyna, Poland",Pszczyna,,2023-04-28 12:12:03,,"Piniowa, 05-830 Stara Wieś, Poland",Stara Wieś,,,,,,,,,,,
,,,,,,00:28:42,,,,2023-04-18 16:22:11,00:12:27,"A1, Knurów, Poland",Knurów,,2023-04-21 17:57:54,,"Giemzów 59, 95-006, Poland",Giemzów,,2023-04-28 12:23:08,01:07:01,"Młochów 41, 05-831 Urzut, Poland",Urzut,,,,,,,,,,,
,,,,,,,,,, ,,,,, ,,,,, ,,,,,,,,,,,,,,
,,,,,,,,,,2023-04-18 16:31:13,,"A1, Knurów, Poland",Knurów,,2023-04-21 18:03:31,03:23:31,"Giemzów 59, 95-006, Poland",Giemzów,,2023-04-28 12:44:49,,"Młochów 41, 05-831 Urzut, Poland",Urzut,,,,,,,,,,,
,,,,,,00:31:18,,,,2023-04-18 17:47:42,00:37:19,"Żółkiewskiego 11A, 42-100 Kłobuck, Poland",Kłobuck,,2023-04-21 20:38:11,,"Stanisława Leszczyńskiego 61, 85-137 Bydgoszcz, Poland",Bydgoszcz,,2023-04-28 14:57:41,00:19:14,"E75, 87-700, Poland",,,,,,,,,,,,
,,,,,,,,,, ,,,,, ,,,,, ,,,,,,,,,,,,,,
,,,,,,,,,,2023-04-18 20:59:44,,"Żółkiewskiego 11A, 42-100 Kłobuck, Poland",Kłobuck,,2023-04-24 07:06:54,00:34:19,"Stanisława Leszczyńskiego 65, 85-137 Bydgoszcz, Poland",Bydgoszcz,,2023-04-28 15:03:40,,"E75, 87-700, Poland",,,,,,,,,,,,
,,,,,,,,,,2023-04-18 21:50:51,00:22:40,"Brzeźnicka 65a, 97-500 Radomsko, Poland",Radomsko,,2023-04-24 07:25:17,,"Karola Szajnochy 14, 85-738 Bydgoszcz, Poland",Bydgoszcz,,2023-04-28 16:11:28,00:11:05,"Karola Szajnochy 14, 85-738 Bydgoszcz, Poland",Bydgoszcz,,,,,,,,,,,
,,,,,,00:38:50,,,, ,,,,, ,,,,,,,,,,,,,,,,,,,
,,,,,,,,,,2023-04-18 22:03:53,,"Brzeźnicka 65a, 97-500 Radomsko, Poland",Radomsko,,2023-04-24 09:10:59,02:48:26,"Karola Szajnochy 14A, 85-738 Bydgoszcz, Poland",Bydgoszcz,,,,,,,,,,,,,,,,
,,,,,,,,,,2023-04-18 22:11:33,00:48:59,"Piastowska 18, 97-500 Radomsko, Poland",Radomsko,,2023-04-24 09:19:07,,"Karola Szajnochy 14A, 85-738 Bydgoszcz, Poland",Bydgoszcz,,,,,,,,,,,,,,,,
,,,,,,00:15:40,,,, ,,,,, ,,,,,,02:12:52,,,,,,,,,,,,,
,,,,,,,,,,2023-04-19 08:09:45,,"Piastowska 18, 97-500 Radomsko, Poland",Radomsko,,2023-04-24 09:20:49,02:34:40,"Karola Szajnochy 14A, 85-738 Bydgoszcz, Poland",Bydgoszcz,,,,,,,,,,,,,,,,
,,,,,,,,,,2023-04-19 08:18:04,01:16:29,"Reymonta 21-1, 97-500 Strzałków, Poland",Strzałków,,2023-04-24 10:18:19,,"Droga bez nazwy, 86-200 Klamry, Poland",Klamry,,,,,,,,,,,,,,,,
,,,,,,01:31:22,,,, ,,,,, ,,,,,,,,,,,,,,,,,,,
,,,,,,,,,,2023-04-19 10:02:28,,"Reymonta 16, 97-500 Strzałków, Poland",Strzałków,,2023-04-24 10:20:05,00:18:23,"Droga bez nazwy, 86-200 Klamry, Poland",Klamry,,,01:07:48,,,,,,,,,,,,,
,,,,,,,,,,2023-04-19 11:01:00,00:51:07,"Aleje Armii Krajowej 20, 97-300 Piotrków Trybunalski, Poland",Piotrków Trybunalski,,2023-04-24 10:53:27,,"Wybudowanie Wąbrzeskie 5-8, 86-230 Lisewo, Poland",Lisewo,,,,,,,,,,,,,,,,
,,,,,,,,,, ,,,,, ,,,,,,,,,,,,,,,,,,,
,,,,,,,,,,2023-04-19 11:13:37,,"Aleje Armii Krajowej 20, 97-300 Piotrków Trybunalski, Poland",Piotrków Trybunalski,,2023-04-24 11:10:24,00:08:08,"A1, 86-230, Poland",,,,,,,,,,,,,,,,,
,,,,,,,,,,2023-04-19 13:55:07,00:07:40,"Karola Szajnochy 14, 85-738 Bydgoszcz, Poland",Bydgoszcz,,2023-04-24 11:43:59,,"E75, Poland",,,,,,,,,,,,,,,,,
,,,,,,,,,, ,,,,, ,,,,,,,,,,,,,,,,,,,
,,,,,,,,,,2023-04-21 06:49:52,,"Karola Szajnochy 14, 85-738 Bydgoszcz, Poland",Bydgoszcz,,2023-04-24 11:48:26,00:57:30,"E75, Poland",,,,,,,,,,,,,,,,,
,,,,,,,,,,2023-04-21 07:43:23,00:08:19,"Pałucka, 62-200 Gniezno, Poland",Gniezno,,2023-04-24 12:22:34,,"Księdza Romana Jałocho 40, 87-880 Wieniec, Poland",Wieniec,,,,,,,,,,,,,,,,
,,,,,,,,,, ,,,,, ,,,,,,,,,,,,,,,,,,,
,,,,,,,,,,2023-04-21 07:47:35,,"Pałucka 2, 62-200 Gniezno, Poland",Gniezno,,2023-04-24 12:29:39,00:33:22,"Księdza Romana Jałocho 40, 87-880 Wieniec, Poland",Wieniec,,,,,,,,,,,,,,,,
,,,,,,,,,,2023-04-21 08:25:26,,"Rynek 15, 62-302 Września, Poland",Września,,2023-04-24 16:36:36,,"Dworcowa 1, 43-430 Pogórze, Poland",Pogórze,,,,,,,,,,,,,,,,
,,,,,,,,,, ,00:58:32,,,, ,,,,,,,,,,,,,,,,,,,
,,,,,,,,,,2023-04-21 08:31:56,,"Rynek 15, 62-302 Września, Poland",Września,,2023-04-24 18:41:04,,"Dworcowa 1, 43-430 Pogórze, Poland",Pogórze,,,,,,,,,,,,,,,,
,,,,,,,,,,2023-04-21 08:37:00,,"Daszyńskiego 1, 62-300 Września, Poland",Września,,2023-04-24 19:00:28,00:33:35,"Wyzwolenia, 43-438 Brenna, Poland",Brenna,,,,,,,,,,,,,,,,
,,,,,,,,,, ,02:41:30,,,, ,,,,,,,,,,,,,,,,,,,
,,,,,,,,,,2023-04-21 08:45:15,,"Daszyńskiego 1, 62-300 Września, Poland",Września,,2023-04-25 08:19:11,,"Górecka 45, 43-438 Brenna, Poland",Brenna,,,,,,,,,,,,,,,,
,,,,,,,,,,2023-04-21 08:51:25,,"Gwarna 2-14, 62-302 Psary Małe, Poland",Psary Małe,,2023-04-25 08:57:29,00:34:08,"Okrzei 2, 43-300 Bielsko-Biała, Poland",Bielsko-Biała,,,,,,,,,,,,,,,,
,,,,,,,,,, ,00:53:31,,,, ,,,,,,,,,,,,,,,,,,,
,,,,,,,,,,2023-04-21 15:56:02,,"Gwarna 2-14, 62-302 Psary Małe, Poland",Psary Małe,,2023-04-25 12:33:55,,"Okrzei 2, 43-300 Bielsko-Biała, Poland",Bielsko-Biała,,,,,,,,,,,,,,,,
,,,,,,,,,,2023-04-21 16:18:02,,"Szkolna, 62-302 Września, Poland",Września,,2023-04-25 14:04:47,04:06:57,"Wyzwolenia 1H, 32-329 Bolesław, Poland",Bolesław,,,,,,,,,,,,,,,,
,,,,,,,,,, ,00:37:51,,,, ,,,,,,,,,,,,,,,,,,,
,,,,,,,,,,2023-04-21 16:57:28,,"Szkolna, 62-302 Września, Poland",Września,,2023-04-25 14:08:29,,"Wyzwolenia 1H, 32-329 Bolesław, Poland",Bolesław,,,,,,,,,,,,,,,,
,,,,,,,,,,2023-04-21 17:24:27,,"Wrzesińska 72, 62-200 Gniezno, Poland",Gniezno,,2023-04-25 15:19:18,00:19:24,"Trzebienice 19, 32-075, Poland",Trzebienice,,,,,,,,,,,,,,,,
,,,,,,,,,, ,00:05:04,,,, ,,,,,,,,,,,,,,,,,,,
,,,,,,,,,,2023-04-21 17:27:38,,"Wrzesińska 72, 62-200 Gniezno, Poland",Gniezno,,2023-04-25 19:55:02,,"Trzebienice 19, 32-075, Poland",Trzebienice,,,,,,,,,,,,,,,,
,,,,,,,,,,2023-04-21 17:58:04,,"Biskupin 6, 88-410, Poland",Biskupin,,2023-04-25 22:03:59,00:38:18,"Droga bez nazwy, 39-204 Góra Motyczna, Poland",Góra Motyczna,,,,,,,,,,,,,,,,
,,,,,,,,,, ,00:06:10,,,, ,,,,,,,,,,,,,,,,,,,
,,,,,,,,,,2023-04-21 18:01:28,,"Biskupin 6, 88-410, Poland",Biskupin,,2023-04-26 07:52:19,,"Droga bez nazwy, 39-204 Góra Motyczna, Poland",Góra Motyczna,,,,,,,,,,,,,,,,
,,,,,,,,,,2023-04-21 18:46:36,,"Karola Szajnochy 14, 85-738 Bydgoszcz, Poland",Bydgoszcz,,2023-04-26 08:12:00,01:30:52,"Rzeszowska 139, 39-200 Dębica, Poland",Dębica,,,,,,,,,,,,,,,,
,,,,,,,,,, ,00:22:00,,,, ,,,,,,,,,,,,,,,,,,,
,,,,,,,,,,2023-04-24 08:16:36,,"Karola Szajnochy 14, 85-738 Bydgoszcz, Poland",Bydgoszcz,,2023-04-26 10:16:53,,"Rzeszowska 139, 39-200 Dębica, Poland",Dębica,,,,,,,,,,,,,,,,
,,,,,,,,,,2023-04-24 12:02:56,,"Droga bez nazwy, 66-460, Poland",,,2023-04-26 10:29:33,01:10:49,"DK94, 39-200 Latoszyn, Poland",Latoszyn,,,,,,,,,,,,,,,,
,,,,,,,,,, ,00:26:59,,,, ,,,,,,,,,,,,,,,,,,,
,,,,,,,,,,2023-04-24 12:06:11,,"Droga bez nazwy, 66-460, Poland",,,2023-04-26 10:32:53,,"DK94, 39-200 Latoszyn, Poland",Latoszyn,,,,,,,,,,,,,,,,
,,,,,,,,,,2023-04-24 12:36:49,,"Droga bez nazwy, 74-404, Poland",,,2023-04-26 13:23:27,02:08:57,"Dworcowa 1, 43-430 Pogórze, Poland",Pogórze,,,,,,,,,,,,,,,,
,,,,,,,,,, ,00:30:26,,,, ,,,,,,,,,,,,,,,,,,,
,,,,,,,,,,2023-04-24 16:42:52,,"Droga bez nazwy, 74-404, Poland",,,2023-04-26 14:38:43,,"Bielska 140A, 43-430 Pogórze, Poland",Pogórze,,,,,,,,,,,,,,,,
,,,,,,,,,,2023-04-24 17:08:44,,"3 Lutego 44-50, 66-436 Słońsk, Poland",Słońsk,,2023-04-26 17:09:20,00:19:41,"E40, 32-003 Zakrzów, Poland",Zakrzów,,,,,,,,,,,,,,,,
,,,,,,,,,, ,00:45:08,,,, ,,,,,,,,,,,,,,,,,,,
,,,,,,,,,,2023-04-24 17:35:43,,"3 Lutego 44-50, 66-436 Słońsk, Poland",Słońsk,,2023-04-26 17:19:28,,"E40, 32-003 Zakrzów, Poland",Zakrzów,,,,,,,,,,,,,,,,
,,,,,,,,,,2023-04-24 19:12:50,,"Droga bez nazwy, Zielona Góra, Poland",Zielona Góra,,2023-04-26 19:00:54,00:12:40,"Witolda 8, 35-302 Rzeszów, Poland",Rzeszów,,,,,,,,,,,,,,,,
,,,,,,,,,, ,03:46:20,,,, ,,,,,,,,,,,,,,,,,,,
,,,,,,,,,,2023-04-24 19:54:53,,"Droga bez nazwy, Zielona Góra, Poland",Zielona Góra,,2023-04-26 19:07:39,,"Witolda 8, 35-302 Rzeszów, Poland",Rzeszów,,,,,,,,,,,,,,,,
,,,,,,,,,,2023-04-24 20:55:18,,"Aleja Kochlicka 1, 59-222 Kochlice, Poland",Kochlice,,2023-04-26 19:17:14,02:50:34,"Malawa 6A, 36-007, Poland",Malawa,,,,,,,,,,,,,,,,
,,,,,,,,,, ,00:30:38,,,, ,,,,,,,,,,,,,,,,,,,
,,,,,,,,,,2023-04-24 20:57:11,,"Aleja Kochlicka 1, 59-222 Kochlice, Poland",Kochlice,,2023-04-27 07:39:53,,"E40, 37-123, Poland",,,,,,,,,,,,,,,,,
,,,,,,,,,,2023-04-24 22:02:53,,"E67, 55-040, Poland",,,2023-04-27 08:21:02,02:30:37,"Siedliska 49, 36-042, Poland",Siedliska,,,,,,,,,,,,,,,,
,,,,,,,,,, ,00:25:52,,,, ,,,,,,,,,,,,,,,,,,,
,,,,,,,,,,2023-04-25 07:47:09,,"E67, 55-040, Poland",,,2023-04-27 10:27:33,,"Siedliska 49, 36-042, Poland",Siedliska,,,,,,,,,,,,,,,,
,,,,,,,,,,2023-04-25 07:57:24,,"Wincentego Witosa 1, 55-040 Kobierzyce, Poland",Kobierzyce,,2023-04-27 11:08:39,01:41:26,"E40, 36-055 Bratkowice, Poland",Bratkowice,,,,,,,,,,,,,,,,
,,,,,,,,,, ,01:37:07,,,, ,,,,,,,,,,,,,,,,,,,
,,,,,,,,,,2023-04-25 08:04:49,,"Wincentego Witosa 1, 55-040 Kobierzyce, Poland",Kobierzyce,,2023-04-27 11:10:38,,"E40, 36-055 Bratkowice, Poland",Bratkowice,,,,,,,,,,,,,,,,
,,,,,,,,,,2023-04-25 08:10:21,,"Spółdzielcza 9, 55-040 Kobierzyce, Poland",Kobierzyce,,2023-04-27 12:39:16,00:09:35,"DK73, 28-130 Stopnica, Poland",Stopnica,,,,,,,,,,,,,,,,
,,,,,,,,,, ,01:00:25,,,, ,,,,,,,,,,,,,,,,,,,
,,,,,,,,,,2023-04-25 17:08:53,,"Spółdzielcza 9, 55-040 Kobierzyce, Poland",Kobierzyce,,2023-04-27 13:02:35,,"DK73, 28-130 Stopnica, Poland",Stopnica,,,,,,,,,,,,,,,,
,,,,,,,,,,2023-04-25 17:48:00,,"Rzeźnicza 27-28, 50-129 Wrocław, Poland",Wrocław,,2023-04-27 15:23:25,00:41:09,"Reymonta 16, 97-500 Strzałków, Poland",Strzałków,,,,,,,,,,,,,,,,
,,,,,,,,,, ,,,,, ,,,,,,,,,,,,,,,,,,,
,,,,,,,,,,2023-04-25 17:48:27,01:05:42,"Rzeźnicza 27-28, 50-129 Wrocław, Poland",Wrocław,,2023-04-27 18:03:35,,"Reymonta 16, 97-500 Strzałków, Poland",Strzałków,,,,,,,,,,,,,,,,
,,,,,,,,,,2023-04-25 18:46:16,,"Tadeusza Kościuszki 27A, 50-011 Wrocław, Poland",Wrocław,,2023-04-27 18:11:52,00:41:06,"Krakowska 141, 97-500 Radomsko, Poland",Radomsko,,,,,,,,,,,,,,,,
,,,,,,,,,, ,,,,, ,,,,,,,,,,,,,,,,,,,
,,,,,,,,,,2023-04-26 05:53:35,00:10:15,"Tadeusza Kościuszki 25, 50-438 Wrocław, Poland",Wrocław,,2023-04-27 18:16:32,,"Krakowska 141, 97-500 Radomsko, Poland",Radomsko,,,,,,,,,,,,,,,,
,,,,,,,,,,2023-04-26 06:18:14,,"Wincentego Witosa 8, 55-040 Kobierzyce, Poland",Kobierzyce,,2023-04-27 19:45:20,01:28:38,"E75, 99-314, Poland",,,,,,,,,,,,,,,,,
,,,,,,,,,, ,,,,, ,,,,,,,,,,,,,,,,,,,
,,,,,,,,,,2023-04-26 06:22:28,00:05:32,"Wincentego Witosa 8, 55-040 Kobierzyce, Poland",Kobierzyce,,2023-04-27 19:51:47,,"E75, 99-314, Poland",,,,,,,,,,,,,,,,,
,,,,,,,,,,2023-04-26 06:37:28,,"Spółdzielcza 9, 55-040 Kobierzyce, Poland",Kobierzyce,,2023-04-27 21:52:47,02:20:50,"Stanisława Leszczyńskiego 61, 85-137 Bydgoszcz, Poland",Bydgoszcz,,,,,,,,,,,,,,,,
,,,,,,,,,, ,,,,, ,,,,,,,,,,,,,,,,,,,
,,,,,,,,,,2023-04-26 06:42:56,00:39:07,"Spółdzielcza 9, 55-040 Kobierzyce, Poland",Kobierzyce,,2023-04-28 10:07:51,,"Stanisława Leszczyńskiego 65, 85-137 Bydgoszcz, Poland",Bydgoszcz,,,,,,,,,,,,,,,,
,,,,,,,,,,2023-04-26 06:50:19,,"Spółdzielcza 9, 55-040 Kobierzyce, Poland",Kobierzyce,,2023-04-28 10:26:05,00:08:17,"Karola Szajnochy 14, 85-738 Bydgoszcz, Poland",Bydgoszcz,,,,,,,,,,,,,,,,
,,,,,,,,,, ,,,,,,,,,,,,,,,,,,,,,,,,
,,,,,,,,,,2023-04-26 14:36:06,,"Spółdzielcza 9, 55-040 Kobierzyce, Poland",Kobierzyce,,,,,,,,,,,,,,,,,,,,,
,,,,,,,,,,2023-04-26 14:49:08,00:57:49,"Spółdzielcza 9, 55-040 Kobierzyce, Poland",Kobierzyce,,,01:28:48,,,,,,,,,,,,,,,,,,
,,,,,,,,,, ,,,,,,,,,,,,,,,,,,,,,,,,
,,,,,,,,,,2023-04-26 16:56:11,,"Spółdzielcza 9, 55-040 Kobierzyce, Poland",Kobierzyce,,,,,,,,,,,,,,,,,,,,,
,,,,,,,,,,2023-04-26 17:45:48,00:24:39,"Wrocławska 69B, 56-420 Bierutów, Poland",Bierutów,,,,,,,,,,,,,,,,,,,,,
,,,,,,,,,, ,,,,,,02:01:00,,,,,,,,,,,,,,,,,,
,,,,,,,,,,2023-04-26 20:12:34,,"Wrocławska 69B, 56-420 Bierutów, Poland",Bierutów,,,,,,,,,,,,,,,,,,,,,
,,,,,,,,,,2023-04-26 20:35:35,,"gen. Sikorskiego 6, 46-100 Namysłów, Poland",Namysłów,,,,,,,,,,,,,,,,,,,,,
,,,,,,,,,, ,00:15:00,,,,,00:18:14,,,,,,,,,,,,,,,,,,
,,,,,,,,,,2023-04-26 21:17:04,,"Droga bez nazwy, 46-100 Namysłów, Poland",Namysłów,,,,,,,,,,,,,,,,,,,,,
,,,,,,,,,,2023-04-26 22:36:25,,"Parkowa 3, 46-380 Dobrodzień, Poland",Dobrodzień,,,,,,,,,,,,,,,,,,,,,
,,,,,,,,,, ,,,,,,,,,,,,,,,,,,,,,,,,
,,,,,,,,,,2023-04-27 07:53:52,00:07:23,"Księdza Gładysza 14-2, 46-380 Dobrodzień, Poland",Dobrodzień,,,,,,,,,,,,,,,,,,,,,
,,,,,,,,,,2023-04-27 07:59:06,,"Oleska 2, 46-380, Poland",,,,,,,,,,,,,,,,,,,,,,
,,,,,,,,,, ,,,,,,,,,,,,,,,,,,,,,,,,
,,,,,,,,,,2023-04-27 08:50:52,,"Oleska 2, 46-380, Poland",,,,,,,,,,,,,,,,,,,,,,
,,,,,,,,,,2023-04-27 11:04:15,00:13:02,"Sienkiewicza 43, 63-300 Pleszew, Poland",Pleszew,,,,,,,,,,,,,,,,,,,,,
,,,,,,,,,, ,,,,,,,,,,,,,,,,,,,,,,,,
,,,,,,,,,,2023-04-27 11:18:23,,"Sienkiewicza 43, 63-300 Pleszew, Poland",Pleszew,,,,,,,,,,,,,,,,,,,,,
,,,,,,,,,,2023-04-27 11:43:35,00:49:37,"DW442 6A, 63-313, Poland",,,,,,,,,,,,,,,,,,,,,,
,,,,,,,,,, ,,,,,,,,,,,,,,,,,,,,,,,,
,,,,,,,,,,2023-04-27 13:18:27,,"DW442 6A, 63-313, Poland",,,,,,,,,,,,,,,,,,,,,,
,,,,,,,,,,2023-04-27 13:24:38,00:23:01,"Piła 6A, 63-313, Poland",Piła,,,,,,,,,,,,,,,,,,,,,
,,,,,,,,,, ,,,,,,,,,,,,,,,,,,,,,,,,
,,,,,,,,,,2023-04-27 17:49:08,,"DW442 30-5, 63-313, Poland",,,,,,,,,,,,,,,,,,,,,,
,,,,,,,,,,2023-04-27 18:13:54,01:19:21,"Zbiersk-Cukrownia 211a, 62-830 Zbiersk, Poland",Zbiersk,,,,,,,,,,,,,,,,,,,,,
,,,,,,,,,, ,,,,,,,,,,,,,,,,,,,,,,,,
,,,,,,,,,,2023-04-27 18:14:17,,"Zbiersk-Cukrownia 211a, 62-830 Zbiersk, Poland",Zbiersk,,,,,,,,,,,,,,,,,,,,,
,,,,,,,,,,2023-04-27 18:44:20,00:05:14,"Kolska 2-28, 62-700 Turek, Poland",Turek,,,,,,,,,,,,,,,,,,,,,
,,,,,,,,,, ,,,,,,,,,,,,,,,,,,,,,,,,
,,,,,,,,,,2023-04-27 19:25:21,,"Kolska 2-28, 62-700 Turek, Poland",Turek,,,,,,,,,,,,,,,,,,,,,
,,,,,,,,,,2023-04-27 19:47:53,02:13:23,"Błogosławionego Bogumiła 41, 99-210 Uniejów, Poland",Uniejów,,,,,,,,,,,,,,,,,,,,,
,,,,,,,,,, ,,,,,,,,,,,,,,,,,,,,,,,,
,,,,,,,,,,2023-04-27 20:00:06,,"Błogosławionego Bogumiła 41, 99-210 Uniejów, Poland",Uniejów,,,,,,,,,,,,,,,,,,,,,
,,,,,,,,,,2023-04-27 20:32:34,,"Solca Wielka 47, 95-035, Poland",Solca Wielka,,,,,,,,,,,,,,,,,,,,,
,,,,,,,,,, ,00:25:12,,,,,,,,,,,,,,,,,,,,,,,
,,,,,,,,,,2023-04-27 20:42:28,,"Solca Wielka 47, 95-035, Poland",Solca Wielka,,,,,,,,,,,,,,,,,,,,,
,,,,,,,,,,2023-04-27 21:57:11,,"Gdańska 21-3, 96-300 Żyrardów, Poland",Żyrardów,,,,,,,,,,,,,,,,,,,,,
,,,,,,,,,, ,,,,,,,,,,,,,,,,,,,,,,,,
,,,,,,,,,,2023-04-28 07:38:21,00:06:11,"Gdańska 21-3, 96-300 Żyrardów, Poland",Żyrardów,,,,,,,,,,,,,,,,,,,,,
,,,,,,,,,,2023-04-28 08:03:10,,"Droga bez nazwy, 05-840, Poland",,,,,,,,,,,,,,,,,,,,,,
,,,,,,,,,, ,,,,,,,,,,,,,,,,,,,,,,,,
,,,,,,,,,,2023-04-28 08:15:27,00:24:46,"Droga bez nazwy, 05-840, Poland",,,,,,,,,,,,,,,,,,,,,,
,,,,,,,,,,2023-04-28 08:54:19,,"Polna 2, 05-555 Tarczyn, Poland",Tarczyn,,,,,,,,,,,,,,,,,,,,,
,,,,,,,,,, ,,,,,,,,,,,,,,,,,,,,,,,,
,,,,,,,,,,2023-04-28 13:27:26,00:30:03,"Aleja Krakowska 7, 05-555 Tarczyn, Poland",Tarczyn,,,,,,,,,,,,,,,,,,,,,
,,,,,,,,,,2023-04-28 13:50:13,,"Wojska Polskiego 19-9, 05-600, Poland",,,,,,,,,,,,,,,,,,,,,,
,,,,,,,,,, ,,,,,,,,,,,,,,,,,,,,,,,,
,,,,,,,,,,2023-04-28 13:56:58,00:22:32,"Wojska Polskiego 18, 05-600 Lesznowola, Poland",Lesznowola,,,,,,,,,,,,,,,,,,,,,
,,,,,,,,,,2023-04-28 14:40:17,,"3 Maja 1, 96-320 Mszczonów, Poland",Mszczonów,,,,,,,,,,,,,,,,,,,,,
,,,,,,,,,, ,,,,,,,,,,,,,,,,,,,,,,,,
,,,,,,,,,,2023-04-28 14:42:58,00:32:28,"3 Maja 1, 96-320 Mszczonów, Poland",Mszczonów,,,,,,,,,,,,,,,,,,,,,
,,,,,,,,,,2023-04-28 14:59:27,,"Nowy Świat 6, 96-300 Żyrardów, Poland",Żyrardów,,,,,,,,,,,,,,,,,,,,,
,,,,,,,,,, ,,,,,,,,,,,,,,,,,,,,,,,,
,,,,,,,,,,2023-04-28 15:25:40,01:14:43,"Nowy Świat 6, 96-300 Żyrardów, Poland",Żyrardów,,,,,,,,,,,,,,,,,,,,,
,,,,,,,,,,2023-04-28 16:19:03,,"MOP Głowno, Mąkolice 9, 95-015, Poland",Mąkolice,,,,,,,,,,,,,,,,,,,,,
,,,,,,,,,, ,,,,,,,,,,,,,,,,,,,,,,,,
,,,,,,,,,,2023-04-28 16:21:18,00:24:49,"MOP Głowno, Mąkolice 9, 95-015, Poland",Mąkolice,,,,,,,,,,,,,,,,,,,,,
,,,,,,,,,,2023-04-28 17:38:05,,"Generała Augustyna Słubickiego 3-1, 87-890 Lubraniec, Poland",Lubraniec,,,,,,,,,,,,,,,,,,,,,
,,,,,,,,,, ,,,,,,,,,,,,,,,,,,,,,,,,
,,,,,,,,,,2023-04-28 19:07:02,00:38:52,"Dobierzyn 1, 87-890, Poland",Dobierzyn,,,,,,,,,,,,,,,,,,,,,
,,,,,,,,,,2023-04-28 20:28:48,,"Przedzamcze 6-8, 87-100 Toruń, Poland",Toruń,,,,,,,,,,,,,,,,,,,,,
,,,,,,,,,, ,,,,,,,,,,,,,,,,,,,,,,,,
,,,,,,,,,,2023-04-28 20:37:51,00:22:47,"Przedzamcze 6-8, 87-100 Toruń, Poland",Toruń,,,,,,,,,,,,,,,,,,,,,
,,,,,,,,,,2023-04-28 20:43:01,,"Legionów 27-25, 87-100 Toruń, Poland",Toruń,,,,,,,,,,,,,,,,,,,,,
,,,,,,,,,, ,,,,,,,,,,,,,,,,,,,,,,,,
,,,,,,,,,,2023-04-29 22:47:56,00:43:19,"Jana Kilińskiego 1, 87-100 Toruń, Poland",Toruń,,,,,,,,,,,,,,,,,,,,,
,,,,,,,,,,2023-04-29 23:27:20,,"Karola Szajnochy 14, 85-738 Bydgoszcz, Poland",Bydgoszcz,,,,,,,,,,,,,,,,,,,,,
,,,,,,,,,,,,,,,,,,,,,,,,,,,,,,,,,,
,,,,,,,,,,,00:16:29,,,,,,,,,,,,,,,,,,,,,,,
,,,,,,,,,,,,,,,,,,,,,,,,,,,,,,,,,,
,,,,,,,,,,,,,,,,,,,,,,,,,,,,,,,,,,
,,,,,,,,,,,00:53:23,,,,,,,,,,,,,,,,,,,,,,,
,,,,,,,,,,,,,,,,,,,,,,,,,,,,,,,,,,
,,,,,,,,,,,,,,,,,,,,,,,,,,,,,,,,,,
,,,,,,,,,,,01:16:47,,,,,,,,,,,,,,,,,,,,,,,
,,,,,,,,,,,,,,,,,,,,,,,,,,,,,,,,,,
,,,,,,,,,,,,,,,,,,,,,,,,,,,,,,,,,,
,,,,,,,,,,,,,,,,,,,,,,,,,,,,,,,,,,
,,,,,,,,,,,01:21:46,,,,,,,,,,,,,,,,,,,,,,,
,,,,,,,,,,,,,,,,,,,,,,,,,,,,,,,,,,
,,,,,,,,,,,,,,,,,,,,,,,,,,,,,,,,,,
,,,,,,,,,,,00:05:10,,,,,,,,,,,,,,,,,,,,,,,
,,,,,,,,,,,,,,,,,,,,,,,,,,,,,,,,,,
,,,,,,,,,,,,,,,,,,,,,,,,,,,,,,,,,,
,,,,,,,,,,,00:39:24,,,,,,,,,,,,,,,,,,,,,,,
